trade_id,symbol,sector,buy_price,sell_price,volume,holding_days,market_cap_billion,pe_ratio,daily_volatility,moving_avg_50,rsi,profitable
1,AMZN,E-Commerce,158.7,173.23,41343,56,1605.5,40.82,1.901,165.1,67.14,1
2,TSLA,Automotive,261.76,232.09,37264,76,836.3,32.87,2.308,250.0,20.58,0
3,MSFT,Technology,416.72,409.61,42151,31,2724.1,29.85,2.762,431.87,18.4,0
4,TSLA,Automotive,241.03,292.94,13418,88,811.2,32.77,4.278,237.2,46.36,1
5,TSLA,Automotive,270.67,275.59,17300,119,760.5,30.75,3.429,281.48,46.19,1
6,GOOG,Technology,159.51,180.01,182,14,1923.6,46.52,3.268,166.54,77.7,1
7,MSFT,Technology,346.23,325.13,2020,109,2794.1,16.77,1.291,352.15,23.83,0
8,MSFT,Technology,382.66,404.05,40685,25,2767.3,19.88,2.809,388.95,23.63,1
9,MSFT,Technology,355.73,329.2,11783,34,2779.7,19.03,3.719,354.05,25.32,0
10,TSLA,Automotive,271.96,286.13,11436,67,774.4,23.12,4.88,281.09,17.08,1
11,AMZN,E-Commerce,184.19,200.28,15696,24,1550.5,36.26,1.406,192.69,20.02,1
12,MSFT,Technology,395.34,422.38,2193,118,2693.7,15.56,0.543,406.22,61.19,1
13,TSLA,Automotive,272.34,270.27,13005,106,802.8,53.41,0.839,275.66,45.21,0
14,GOOG,Technology,135.63,141.33,24451,73,1954.7,24.87,2.191,137.08,68.45,1
15,AMZN,E-Commerce,202.41,211.06,31081,26,1515.4,18.13,4.192,209.48,84.48,1
16,GOOG,Technology,141.39,151.75,8467,20,1976.5,43.78,0.532,141.97,61.13,1
17,AMZN,E-Commerce,161.53,163.16,5385,64,1592.1,11.9,2.555,166.44,18.53,1
18,TSLA,Automotive,264.69,289.7,43764,104,778.7,41.0,1.982,264.93,22.32,1
19,AAPL,Technology,190.4,216.06,37805,10,2749.4,44.91,0.736,182.07,76.67,1
20,AMZN,E-Commerce,170.11,169.19,16853,83,1517.3,20.75,2.526,168.14,51.92,0
21,GOOG,Technology,155.0,158.68,18585,67,1941.2,12.1,1.646,154.14,72.74,1
22,TSLA,Automotive,280.46,265.77,13077,24,803.7,28.18,2.083,270.41,74.96,0
23,AMZN,E-Commerce,167.95,175.88,19974,5,1535.5,14.93,3.675,161.27,79.94,1
24,AAPL,Technology,200.38,209.94,7774,67,2735.2,15.82,2.847,201.09,81.49,1
25,AAPL,Technology,156.14,159.99,29138,58,2783.2,22.71,1.061,149.66,53.84,1
26,MSFT,Technology,346.03,356.64,29415,27,2783.5,24.77,4.826,339.21,38.87,1
27,MSFT,Technology,344.0,403.77,3776,80,2687.0,36.5,3.362,352.41,82.33,1
28,GOOG,Technology,156.55,123.53,2526,113,1824.8,43.92,3.946,163.82,53.32,0
29,AMZN,E-Commerce,188.33,184.61,24573,15,1587.7,39.64,0.856,192.43,19.5,0
30,AMZN,E-Commerce,161.21,160.0,3062,35,1586.4,17.42,0.712,169.15,59.99,0
31,MSFT,Technology,373.2,424.16,30043,76,2565.2,18.6,0.588,380.6,56.14,1
32,AMZN,E-Commerce,186.23,197.04,959,105,1597.3,53.94,1.35,182.39,77.71,1
33,AMZN,E-Commerce,157.51,166.96,44916,53,1588.5,37.92,2.365,160.22,60.72,1
34,AAPL,Technology,195.08,218.64,4238,44,2834.8,53.5,4.711,199.02,39.43,1
35,MSFT,Technology,414.61,416.93,35292,26,2792.4,28.58,2.557,409.29,82.64,1
36,TSLA,Automotive,250.39,268.46,25740,47,856.3,40.72,1.806,238.31,71.11,1
37,MSFT,Technology,433.25,423.52,10509,34,2686.6,36.18,3.029,442.05,59.13,0
38,TSLA,Automotive,243.83,228.16,4117,87,744.7,25.96,1.004,232.17,35.5,0
39,AAPL,Technology,200.42,233.2,10551,95,2928.7,33.5,3.243,203.05,41.15,1
40,GOOG,Technology,147.05,154.33,28427,50,1903.0,35.12,3.058,142.1,61.9,1
41,AMZN,E-Commerce,187.27,200.67,10378,84,1600.7,20.04,4.064,188.5,20.04,1
42,AAPL,Technology,157.46,147.0,25044,12,2798.8,25.75,4.94,157.52,32.97,0
43,AMZN,E-Commerce,200.62,212.82,43864,87,1609.9,49.57,1.629,190.86,64.97,1
44,GOOG,Technology,136.95,159.17,1234,4,1892.8,55.79,2.793,135.07,48.6,1
45,GOOG,Technology,125.81,125.53,30231,87,1871.3,27.99,4.59,127.08,43.17,0
46,AAPL,Technology,149.41,137.39,37987,48,2772.7,25.35,4.033,154.62,25.6,0
47,GOOG,Technology,142.51,147.46,38562,55,1898.4,19.76,2.693,148.05,45.93,1
48,TSLA,Automotive,252.05,236.2,22620,112,772.8,43.92,4.754,251.64,68.95,0
49,GOOG,Technology,149.21,133.6,21969,1,1864.4,26.15,0.758,152.62,33.48,0
50,AMZN,E-Commerce,201.07,193.27,37032,118,1605.3,59.39,4.689,197.38,15.38,0
51,AMZN,E-Commerce,157.29,154.24,5139,89,1587.3,26.28,0.727,154.81,61.8,0
52,AMZN,E-Commerce,192.5,181.15,21381,66,1675.2,29.71,2.963,186.62,83.08,0
53,AMZN,E-Commerce,163.12,183.69,47499,30,1467.5,40.17,4.507,164.13,57.48,1
54,TSLA,Automotive,276.86,324.25,10542,3,854.6,50.08,1.682,271.73,23.39,1
55,MSFT,Technology,416.37,445.29,8352,21,2762.3,33.48,2.625,399.06,37.45,1
56,AAPL,Technology,177.14,186.13,27686,89,2696.3,31.13,1.959,180.42,75.73,1
57,AMZN,E-Commerce,191.35,193.0,17668,84,1582.9,59.78,4.785,195.33,31.28,1
58,GOOG,Technology,132.2,125.36,20910,49,1881.4,10.52,4.206,130.35,57.54,0
59,AMZN,E-Commerce,178.44,204.89,1651,116,1529.6,54.75,3.691,170.89,43.19,1
60,GOOG,Technology,153.51,155.81,12725,86,1861.1,17.46,3.144,152.38,29.55,1
61,GOOG,Technology,138.29,135.94,34497,85,1844.5,49.3,4.193,137.49,71.94,0
62,AMZN,E-Commerce,172.32,189.76,26349,62,1687.6,40.9,2.265,175.23,67.0,1
63,TSLA,Automotive,249.57,253.09,1461,97,846.8,27.09,2.514,244.96,61.31,1
64,GOOG,Technology,153.79,168.89,26249,116,1963.6,53.69,3.785,156.6,31.54,1
65,GOOG,Technology,133.08,131.38,4470,38,1936.1,10.65,2.11,138.02,21.85,0
66,AMZN,E-Commerce,162.38,178.85,5383,15,1543.5,21.33,0.788,158.12,55.33,1
67,GOOG,Technology,148.9,163.55,7710,110,1873.8,38.34,0.835,156.03,53.76,1
68,GOOG,Technology,153.69,173.05,43426,52,1924.5,27.58,1.019,151.94,28.19,1
69,AMZN,E-Commerce,158.43,152.61,15024,79,1538.9,40.52,4.414,154.74,18.94,0
70,AMZN,E-Commerce,165.95,168.17,47707,46,1635.6,11.21,2.625,164.65,20.65,1
71,AAPL,Technology,156.2,183.66,44817,25,2788.0,15.82,3.708,149.86,84.49,1
72,TSLA,Automotive,238.6,238.67,10726,21,781.3,16.35,2.268,229.67,69.85,1
73,TSLA,Automotive,246.28,267.18,34861,88,835.5,19.46,1.664,244.17,79.54,1
74,GOOG,Technology,150.45,181.03,969,5,1922.2,32.97,2.062,154.4,28.65,1
75,TSLA,Automotive,261.34,227.91,31652,70,782.0,47.61,4.074,271.8,82.24,0
76,GOOG,Technology,145.08,144.74,1114,113,1958.0,55.28,3.313,147.47,24.99,0
77,AAPL,Technology,167.25,170.62,10203,107,2745.9,51.77,4.719,160.65,50.64,1
78,AMZN,E-Commerce,198.44,173.85,17086,112,1630.8,19.84,3.559,201.85,73.08,0
79,AMZN,E-Commerce,178.45,175.51,44881,108,1629.7,32.06,3.066,180.87,39.49,0
80,AMZN,E-Commerce,205.87,193.99,30571,47,1584.5,19.97,3.246,212.16,44.74,0
81,TSLA,Automotive,260.06,283.11,33558,87,816.3,23.22,4.741,268.52,23.97,1
82,AAPL,Technology,155.38,136.95,25169,68,2737.4,35.18,4.047,161.1,23.6,0
83,TSLA,Automotive,263.21,308.26,16973,91,846.2,13.41,0.608,260.95,58.37,1
84,TSLA,Automotive,236.88,254.69,23348,18,790.8,20.91,2.904,241.57,62.29,1
85,AAPL,Technology,184.78,172.9,23724,21,2773.9,56.77,3.598,180.5,69.41,0
86,AAPL,Technology,152.41,167.97,43616,92,2852.5,33.31,3.869,160.02,53.97,1
87,AAPL,Technology,157.93,168.63,29161,99,2764.8,32.27,1.459,152.8,60.2,1
88,AAPL,Technology,193.68,196.95,24270,86,2729.6,10.73,4.402,184.19,15.95,1
89,AMZN,E-Commerce,165.27,159.04,8124,104,1522.2,22.37,4.801,159.47,26.35,0
90,MSFT,Technology,418.42,445.12,16778,23,2730.3,53.31,1.565,429.96,83.94,1
91,MSFT,Technology,354.84,365.43,38356,64,2636.0,18.23,4.472,352.95,20.32,1
92,AAPL,Technology,182.5,176.09,20511,67,2887.7,30.76,0.936,181.54,62.52,0
93,MSFT,Technology,402.13,366.96,43903,40,2595.9,10.72,0.751,420.43,27.33,0
94,MSFT,Technology,381.44,363.11,19396,114,2784.8,33.92,1.082,397.45,65.17,0
95,AAPL,Technology,164.78,161.44,26393,10,2810.6,11.05,0.76,161.67,64.42,0
96,MSFT,Technology,347.24,386.48,27272,89,2695.2,50.98,4.303,337.14,31.39,1
97,TSLA,Automotive,214.99,234.09,21228,52,772.8,51.24,0.766,222.48,33.87,1
98,GOOG,Technology,131.77,129.66,18357,113,1920.0,49.39,1.722,137.12,60.83,0
99,GOOG,Technology,146.43,144.54,12955,72,1898.1,24.17,0.967,147.04,42.31,0
100,AAPL,Technology,198.01,217.67,19742,119,2855.2,51.86,1.829,200.57,28.62,1
101,AMZN,E-Commerce,200.05,208.33,35685,75,1605.7,37.15,0.908,195.19,66.22,1
102,AAPL,Technology,188.97,196.58,20125,61,2807.5,28.69,3.506,194.65,25.79,1
103,AMZN,E-Commerce,195.58,188.49,4558,64,1581.8,41.27,1.1,198.16,74.9,0
104,GOOG,Technology,146.93,148.42,5407,5,1897.2,10.62,4.333,146.98,51.03,1
105,AAPL,Technology,162.42,165.72,41801,109,2815.4,17.15,4.177,155.28,22.4,1
106,TSLA,Automotive,280.54,284.1,18525,53,714.5,47.11,0.561,292.21,63.59,1
107,MSFT,Technology,399.46,430.91,49931,55,2632.6,22.21,4.531,404.07,51.34,1
108,AMZN,E-Commerce,183.26,198.15,43527,37,1637.2,39.9,0.63,177.63,35.86,1
109,MSFT,Technology,335.65,317.69,28373,56,2708.5,29.26,1.578,339.22,44.58,0
110,MSFT,Technology,373.96,366.47,38606,59,2690.8,52.74,0.646,380.6,35.88,0
111,AAPL,Technology,172.92,166.87,5768,109,2800.9,57.62,2.011,173.37,33.41,0
112,MSFT,Technology,421.56,476.82,26034,102,2717.4,54.18,2.812,430.75,26.45,1
113,TSLA,Automotive,253.5,304.27,47295,93,773.0,23.53,4.085,255.56,40.39,1
114,MSFT,Technology,366.37,360.11,7797,69,2661.1,19.71,2.021,382.77,32.57,0
115,AAPL,Technology,200.03,201.36,24517,73,2809.8,33.72,3.675,191.1,62.84,1
116,TSLA,Automotive,220.8,240.09,16546,59,751.1,10.37,1.344,212.11,62.87,1
117,GOOG,Technology,136.75,131.75,40697,112,1920.4,11.29,3.878,132.29,50.13,0
118,MSFT,Technology,327.79,357.03,10851,2,2614.9,37.66,1.562,334.02,69.46,1
119,AAPL,Technology,187.59,191.03,46318,65,2851.5,36.02,1.146,190.32,73.89,1
120,GOOG,Technology,157.56,138.73,7452,104,1923.6,59.73,1.334,163.74,55.58,0
121,GOOG,Technology,130.76,119.77,13616,60,1912.8,20.09,1.319,133.81,58.33,0
122,AMZN,E-Commerce,199.35,197.95,23399,51,1649.1,22.91,2.808,199.52,34.8,0
123,TSLA,Automotive,234.42,262.04,32057,30,883.3,15.68,4.302,245.95,77.64,1
124,MSFT,Technology,426.83,404.89,29027,11,2750.7,55.88,0.858,416.85,16.69,0
125,AAPL,Technology,188.33,184.05,41194,92,2708.0,48.89,3.681,194.6,39.4,0
126,AMZN,E-Commerce,196.46,203.71,36512,108,1536.0,51.12,3.445,195.02,65.53,1
127,TSLA,Automotive,213.85,189.58,29593,76,768.8,55.14,4.426,217.03,20.61,0
128,AMZN,E-Commerce,204.99,213.99,26811,39,1601.3,36.24,1.599,209.65,27.82,1
129,TSLA,Automotive,267.0,239.37,8103,90,825.9,32.56,2.525,270.57,56.25,0
130,TSLA,Automotive,235.36,250.75,31807,77,763.7,26.52,4.666,226.9,54.2,1
131,MSFT,Technology,417.55,398.88,3378,72,2709.3,39.46,3.47,415.17,66.72,0
132,TSLA,Automotive,233.61,220.68,7396,63,762.2,32.71,2.249,235.05,71.88,0
133,AMZN,E-Commerce,200.13,208.5,25498,64,1569.4,32.58,1.091,207.12,24.0,1
134,TSLA,Automotive,220.94,239.39,35942,61,729.7,56.85,1.681,219.69,16.29,1
135,MSFT,Technology,403.22,423.42,13361,54,2653.8,59.2,3.115,420.1,63.27,1
136,MSFT,Technology,384.64,398.72,11273,92,2632.4,49.82,3.732,382.35,36.1,1
137,AMZN,E-Commerce,158.21,164.18,30549,94,1551.2,47.84,1.06,158.98,58.82,1
138,GOOG,Technology,129.16,135.69,41180,73,1952.7,44.03,3.198,132.99,25.54,1
139,GOOG,Technology,119.52,126.19,1737,103,1852.5,18.3,2.977,120.51,47.83,1
140,TSLA,Automotive,247.66,244.8,31881,95,931.6,12.96,2.813,259.06,50.31,0
141,AAPL,Technology,164.57,176.48,13752,58,2824.7,44.54,3.606,167.21,55.96,1
142,TSLA,Automotive,257.38,246.09,5203,85,809.2,46.44,4.269,257.96,50.92,0
143,AMZN,E-Commerce,169.05,187.19,25600,56,1557.1,12.35,1.953,161.0,49.7,1
144,AMZN,E-Commerce,169.2,183.18,49896,111,1635.0,56.4,4.501,167.74,38.29,1
145,AMZN,E-Commerce,193.13,230.69,34900,34,1571.2,14.56,1.223,189.25,19.98,1
146,AMZN,E-Commerce,155.6,165.11,35629,119,1606.1,24.3,1.279,159.46,21.27,1
147,AMZN,E-Commerce,201.76,220.47,48063,31,1728.0,43.62,1.7,195.87,45.36,1
148,MSFT,Technology,420.16,376.11,18552,52,2695.2,18.49,1.038,407.77,39.91,0
149,GOOG,Technology,147.05,161.07,49493,89,1957.5,12.77,1.536,142.48,51.13,1
150,AMZN,E-Commerce,185.03,206.14,31274,76,1564.8,26.56,0.979,178.1,36.34,1
151,AAPL,Technology,195.6,223.06,35536,1,2798.3,48.3,4.198,191.9,63.15,1
152,AAPL,Technology,158.48,163.18,47506,55,2888.5,30.68,1.125,164.6,75.48,1
153,AAPL,Technology,152.9,151.78,16054,22,2768.7,42.65,3.863,157.1,35.92,0
154,AAPL,Technology,161.32,150.49,17286,40,2890.6,38.98,0.716,165.12,28.51,0
155,MSFT,Technology,413.58,388.83,12456,101,2735.4,11.11,4.768,425.88,23.13,0
156,AAPL,Technology,150.57,153.27,33063,111,2771.9,59.43,3.7,147.1,58.14,1
157,AMZN,E-Commerce,184.47,162.31,2287,1,1631.6,12.07,0.531,191.62,46.07,0
158,TSLA,Automotive,287.16,275.26,11807,65,848.6,58.39,3.937,276.74,28.16,0
159,AAPL,Technology,193.67,198.93,35198,63,2831.1,37.49,2.813,190.5,60.72,1
160,MSFT,Technology,382.44,392.14,27035,106,2621.5,58.16,4.007,385.76,25.39,1
161,MSFT,Technology,330.26,311.25,21325,54,2663.6,15.74,2.851,317.15,53.8,0
162,AAPL,Technology,192.4,177.26,3706,42,2787.6,34.52,3.385,196.83,51.9,0
163,TSLA,Automotive,257.42,240.23,32928,21,796.3,18.48,4.038,254.52,66.4,0
164,AAPL,Technology,154.78,155.14,26589,79,2831.0,12.55,2.323,159.18,18.86,1
165,MSFT,Technology,333.7,397.23,14487,81,2708.9,40.88,0.512,333.46,77.15,1
166,GOOG,Technology,157.2,173.68,4027,22,1833.2,20.39,4.325,152.18,64.21,1
167,AMZN,E-Commerce,189.14,196.16,6396,38,1619.0,39.38,2.214,193.58,30.13,1
168,MSFT,Technology,417.54,444.39,30544,99,2730.5,15.62,2.732,407.19,27.84,1
169,AAPL,Technology,194.9,214.64,46490,109,2828.0,26.6,0.535,194.72,45.22,1
170,AMZN,E-Commerce,183.88,197.5,46993,80,1654.0,49.08,2.714,176.07,72.23,1
171,AAPL,Technology,175.92,175.1,2691,8,2841.7,31.85,4.939,177.99,74.01,0
172,AAPL,Technology,171.35,163.19,44995,62,2823.0,41.39,1.752,174.19,51.43,0
173,GOOG,Technology,132.31,133.63,48616,47,1896.5,42.37,2.279,130.7,75.26,1
174,AMZN,E-Commerce,176.47,194.18,26247,17,1517.0,52.19,3.592,184.49,15.38,1
175,AMZN,E-Commerce,194.79,194.47,38989,17,1621.5,26.25,4.167,202.08,17.46,0
176,GOOG,Technology,144.28,134.41,1300,118,1910.4,44.36,2.378,147.28,78.83,0
177,MSFT,Technology,424.75,374.68,15821,90,2713.6,58.08,1.894,433.82,69.27,0
178,AAPL,Technology,172.03,173.8,19338,13,2736.2,46.51,4.72,167.77,46.55,1
179,TSLA,Automotive,258.03,242.02,11187,17,745.9,34.49,3.547,262.08,67.75,0
180,AAPL,Technology,181.89,179.18,30916,38,2852.7,41.54,1.036,176.4,81.89,0
181,AAPL,Technology,179.81,204.35,23508,81,2798.0,46.98,0.81,173.41,69.05,1
182,MSFT,Technology,403.1,409.43,39840,112,2734.1,40.61,2.676,423.23,73.97,1
183,AAPL,Technology,161.22,154.77,236,78,2801.4,10.83,1.49,163.19,68.24,0
184,GOOG,Technology,140.52,146.8,17513,45,1901.5,19.74,1.643,139.55,26.77,1
185,GOOG,Technology,123.38,144.81,48214,6,1946.9,50.52,4.45,120.77,73.35,1
186,AMZN,E-Commerce,173.76,175.56,19078,35,1574.2,23.63,0.903,175.57,28.66,1
187,TSLA,Automotive,249.08,207.12,761,110,804.8,46.58,3.719,237.86,77.48,0
188,AAPL,Technology,182.99,196.17,35340,14,2776.9,28.61,1.72,175.57,47.11,1
189,AAPL,Technology,198.65,208.13,27353,111,2778.3,36.09,3.921,189.37,62.39,1
190,MSFT,Technology,391.47,402.12,26984,72,2684.5,13.4,3.751,391.44,49.81,1
191,GOOG,Technology,150.23,150.6,32954,61,1911.1,19.06,0.533,151.74,21.58,1
192,TSLA,Automotive,250.47,239.3,10804,15,776.1,57.86,2.791,239.51,35.35,0
193,AMZN,E-Commerce,187.24,213.68,39087,54,1662.8,54.51,1.127,191.38,83.86,1
194,GOOG,Technology,121.98,106.48,24627,27,1855.3,42.61,4.398,118.69,82.25,0
195,AMZN,E-Commerce,166.74,165.95,16422,13,1590.7,32.98,4.422,169.83,37.43,0
196,MSFT,Technology,364.25,361.85,47617,113,2678.0,43.79,2.383,381.8,84.74,0
197,MSFT,Technology,376.86,410.13,7068,31,2772.3,40.93,2.5,384.06,74.19,1
198,AAPL,Technology,151.15,169.11,27618,117,2809.8,38.43,1.865,156.94,57.77,1
199,TSLA,Automotive,223.0,223.42,46464,35,851.6,12.96,3.725,232.99,17.81,1
200,AMZN,E-Commerce,167.95,173.9,27986,60,1525.7,41.64,2.114,167.73,78.1,1
201,GOOG,Technology,159.8,166.55,1800,6,1913.4,48.45,1.705,163.03,54.02,1
202,MSFT,Technology,360.77,398.39,28346,69,2744.5,59.7,2.445,373.47,75.79,1
203,AAPL,Technology,174.06,191.92,35568,86,2804.1,10.55,0.912,171.56,73.41,1
204,AAPL,Technology,159.05,155.38,23299,58,2853.3,46.51,3.86,155.26,73.31,0
205,AMZN,E-Commerce,185.98,196.21,44689,49,1574.1,38.59,0.557,194.29,63.87,1
206,MSFT,Technology,355.0,372.98,32215,23,2770.5,31.7,3.4,363.03,35.4,1
207,TSLA,Automotive,228.02,230.47,5620,89,914.9,16.38,1.323,221.63,38.53,1
208,MSFT,Technology,381.89,400.95,44378,34,2681.9,30.45,1.546,379.95,36.59,1
209,AMZN,E-Commerce,153.3,156.61,36555,26,1577.7,27.72,3.36,157.84,16.4,1
210,AMZN,E-Commerce,153.41,158.42,49848,47,1672.7,25.14,4.968,154.13,55.78,1
211,MSFT,Technology,347.97,317.18,21029,5,2779.0,46.54,4.0,353.19,63.92,0
212,AMZN,E-Commerce,154.98,146.7,41705,90,1573.9,45.04,1.516,158.91,74.77,0
213,MSFT,Technology,335.31,363.95,15055,20,2679.0,39.45,1.292,339.4,24.81,1
214,GOOG,Technology,133.23,122.99,44149,6,1885.9,56.93,4.398,133.76,53.09,0
215,MSFT,Technology,414.49,438.37,14017,70,2632.8,27.49,2.499,424.84,15.56,1
216,MSFT,Technology,388.21,393.45,4857,59,2654.1,22.19,1.117,397.04,21.66,1
217,AMZN,E-Commerce,180.68,199.19,13145,64,1549.8,42.8,4.38,183.03,18.79,1
218,AMZN,E-Commerce,168.85,180.99,41780,114,1561.6,19.94,4.172,166.48,65.78,1
219,AAPL,Technology,197.67,194.46,4833,18,2798.3,25.75,4.928,195.81,20.67,0
220,AAPL,Technology,169.59,169.95,31054,4,2811.7,21.23,4.594,177.57,65.15,1
221,GOOG,Technology,122.66,105.63,31235,17,1977.5,13.46,4.333,117.91,32.47,0
222,AAPL,Technology,181.15,182.88,7181,14,2750.1,51.37,0.737,176.96,76.44,1
223,MSFT,Technology,335.98,308.56,41558,78,2749.2,22.73,0.97,335.72,71.92,0
224,AMZN,E-Commerce,171.64,172.07,23601,13,1589.3,33.65,3.06,177.42,82.05,1
225,AAPL,Technology,175.39,169.95,21213,7,2797.5,12.17,2.892,169.49,76.86,0
226,AAPL,Technology,194.65,184.89,34541,44,2833.7,44.97,2.561,190.31,80.33,0
227,GOOG,Technology,139.73,155.8,47186,119,1843.9,26.53,2.286,133.66,75.11,1
228,GOOG,Technology,148.49,136.3,24790,15,1919.1,47.24,2.44,151.55,63.54,0
229,MSFT,Technology,436.18,411.3,44039,19,2708.3,30.62,3.062,424.76,26.92,0
230,AMZN,E-Commerce,160.1,154.36,29445,63,1624.6,19.79,0.509,158.32,34.02,0
231,GOOG,Technology,130.54,128.13,46413,107,1914.5,35.66,1.673,129.81,29.89,0
232,AAPL,Technology,169.47,160.97,44671,111,2922.8,16.53,2.832,176.1,57.25,0
233,AMZN,E-Commerce,175.78,174.25,26929,108,1568.1,32.03,3.75,174.22,50.25,0
234,AMZN,E-Commerce,175.2,182.94,35162,35,1573.5,25.87,1.284,168.98,75.7,1
235,AAPL,Technology,196.4,210.85,3730,81,2768.8,55.6,2.961,196.88,81.69,1
236,GOOG,Technology,148.99,159.38,47961,35,1872.2,13.05,3.715,155.89,43.34,1
237,AAPL,Technology,180.67,156.7,31970,19,2768.1,44.7,2.501,182.62,50.44,0
238,AMZN,E-Commerce,169.71,178.27,49398,20,1659.5,19.14,0.622,177.91,83.01,1
239,TSLA,Automotive,274.28,289.46,47321,100,871.0,25.95,2.522,283.64,34.34,1
240,TSLA,Automotive,284.13,274.76,45042,35,771.5,30.78,1.834,270.95,70.47,0
241,MSFT,Technology,416.62,480.54,3553,32,2658.4,55.4,4.683,423.22,30.77,1
242,AAPL,Technology,148.83,164.76,37375,48,2823.6,22.13,1.061,145.66,62.7,1
243,AAPL,Technology,182.16,183.14,43470,44,2772.4,14.57,3.436,183.25,32.75,1
244,MSFT,Technology,328.83,319.73,38496,104,2731.6,25.93,0.737,321.57,76.86,0
245,MSFT,Technology,352.37,405.97,8428,24,2710.1,15.23,2.508,347.04,54.3,1
246,MSFT,Technology,329.79,335.88,15634,61,2624.2,16.43,2.993,343.75,28.02,1
247,AMZN,E-Commerce,185.6,190.57,19844,17,1677.4,38.69,1.841,180.16,30.71,1
248,AAPL,Technology,184.8,189.57,19489,71,2889.8,13.05,2.548,191.71,49.57,1
249,AMZN,E-Commerce,159.18,191.69,36420,107,1569.4,11.55,1.236,151.71,82.31,1
250,MSFT,Technology,366.76,367.74,49270,50,2680.6,45.72,1.869,351.75,68.87,1
251,AAPL,Technology,172.7,175.83,35110,65,2814.3,28.08,3.295,178.83,49.18,1
252,AMZN,E-Commerce,172.93,164.89,14765,99,1616.7,16.27,1.858,175.19,38.64,0
253,AMZN,E-Commerce,159.54,157.76,37965,32,1632.9,22.68,4.549,163.48,53.45,0
254,MSFT,Technology,370.76,347.58,8740,36,2800.5,42.1,3.328,359.99,67.39,0
255,AAPL,Technology,188.19,179.75,34816,13,2791.2,23.78,2.474,188.89,69.88,0
256,MSFT,Technology,331.09,289.77,25621,70,2660.1,34.73,0.674,338.94,37.72,0
257,AAPL,Technology,152.96,166.81,30149,58,2731.0,16.08,2.748,154.91,65.48,1
258,TSLA,Automotive,239.11,246.89,5718,14,763.5,39.4,3.941,238.43,61.05,1
259,GOOG,Technology,158.55,164.75,37104,37,1898.3,25.8,1.695,165.84,82.14,1
260,GOOG,Technology,147.08,149.4,2020,112,1989.7,41.35,4.13,149.67,80.18,1
261,GOOG,Technology,147.5,151.3,44037,79,1874.1,50.42,1.633,153.51,70.26,1
262,MSFT,Technology,364.26,418.73,4288,111,2711.2,40.58,4.207,372.63,65.64,1
263,TSLA,Automotive,257.02,246.35,12307,68,799.2,24.79,0.884,263.07,34.18,0
264,AAPL,Technology,149.28,155.59,338,40,2859.4,22.79,4.398,143.01,74.22,1
265,AMZN,E-Commerce,187.35,195.19,33072,59,1726.3,26.37,2.746,184.72,44.93,1
266,AAPL,Technology,196.7,218.6,10899,80,2773.5,18.23,1.834,203.75,34.06,1
267,AMZN,E-Commerce,186.08,196.33,5652,92,1575.5,19.06,1.693,181.1,41.89,1
268,AAPL,Technology,194.62,206.12,29016,16,2852.2,49.53,2.444,187.14,73.52,1
269,TSLA,Automotive,266.8,245.28,5027,62,834.1,29.24,4.996,262.16,25.4,0
270,AMZN,E-Commerce,159.51,152.38,28064,4,1692.3,31.8,1.491,155.05,46.93,0
271,MSFT,Technology,425.88,394.64,11264,45,2729.2,39.7,0.964,443.99,49.47,0
272,AAPL,Technology,152.24,125.13,37258,90,2782.0,39.48,3.133,157.84,17.56,0
273,AAPL,Technology,176.78,185.93,19171,28,2829.5,13.37,2.698,176.77,28.7,1
274,AMZN,E-Commerce,160.68,160.53,48509,96,1655.4,51.58,2.859,153.63,72.87,0
275,MSFT,Technology,324.33,341.17,6260,109,2741.0,18.87,3.501,331.29,73.15,1
276,MSFT,Technology,371.11,379.59,15910,66,2725.4,46.15,1.702,375.69,35.47,1
277,TSLA,Automotive,234.63,243.84,5226,31,853.3,48.63,4.598,245.67,76.24,1
278,MSFT,Technology,378.4,426.48,30109,3,2758.5,45.74,2.461,380.63,69.02,1
279,MSFT,Technology,388.8,396.8,33684,118,2769.1,38.95,1.081,382.44,44.25,1
280,MSFT,Technology,327.99,352.1,46282,8,2732.4,10.73,3.84,328.61,67.39,1
281,GOOG,Technology,124.17,123.65,25496,24,1891.6,28.02,3.394,130.12,82.29,0
282,TSLA,Automotive,254.4,276.27,292,15,807.3,40.24,1.921,259.4,47.13,1
283,AAPL,Technology,166.77,153.57,36513,43,2860.3,29.37,3.297,169.64,31.69,0
284,AMZN,E-Commerce,192.38,167.95,12916,31,1559.2,53.17,1.489,187.39,80.93,0
285,AAPL,Technology,183.0,217.5,39182,73,2818.4,25.44,2.502,187.46,57.26,1
286,TSLA,Automotive,275.92,321.97,32230,103,780.3,24.68,4.547,282.83,22.37,1
287,AMZN,E-Commerce,190.39,164.57,40242,45,1601.4,23.3,1.101,186.91,55.09,0
288,TSLA,Automotive,244.74,248.93,36568,66,863.9,26.64,2.24,244.34,50.04,1
289,MSFT,Technology,399.72,412.51,30798,8,2709.6,37.87,4.195,391.51,74.89,1
290,AMZN,E-Commerce,167.87,180.94,10755,71,1602.3,45.35,4.863,163.82,52.15,1
291,MSFT,Technology,357.92,414.88,47997,108,2632.0,43.13,2.543,340.95,32.87,1
292,AAPL,Technology,190.17,177.83,30175,115,2837.3,50.39,2.781,186.09,62.3,0
293,AAPL,Technology,172.19,161.75,9459,103,2832.3,54.3,3.075,173.12,52.98,0
294,AMZN,E-Commerce,196.11,200.01,36761,106,1708.2,50.8,4.696,186.34,31.31,1
295,AMZN,E-Commerce,197.41,186.14,39679,57,1584.6,10.95,4.362,193.13,55.15,0
296,TSLA,Automotive,276.82,222.25,42156,80,811.0,46.8,1.268,287.38,72.51,0
297,TSLA,Automotive,281.25,281.76,33372,99,812.5,20.42,2.465,283.88,17.0,1
298,MSFT,Technology,372.13,405.1,42681,30,2778.9,16.65,2.588,376.14,59.16,1
299,AMZN,E-Commerce,170.22,173.35,14771,74,1595.2,41.92,4.051,168.58,39.47,1
300,AAPL,Technology,179.32,191.86,27148,102,2814.0,25.99,3.213,182.48,35.49,1
301,TSLA,Automotive,240.34,254.4,10838,18,830.4,12.86,3.444,232.89,42.48,1
302,TSLA,Automotive,257.58,241.57,26063,114,809.3,16.88,4.992,265.79,38.94,0
303,AAPL,Technology,185.79,190.52,44054,69,2777.7,10.05,0.837,178.67,73.26,1
304,TSLA,Automotive,264.13,237.19,6873,117,809.7,55.16,1.504,268.25,34.24,0
305,MSFT,Technology,365.7,358.04,36684,93,2753.7,11.23,2.336,359.89,66.32,0
306,AMZN,E-Commerce,162.01,165.9,29994,39,1548.7,20.47,2.065,166.02,21.58,1
307,AAPL,Technology,171.35,174.76,817,60,2806.6,30.81,0.597,172.2,81.6,1
308,AMZN,E-Commerce,160.7,147.32,11776,98,1565.0,27.83,0.913,159.93,58.56,0
309,TSLA,Automotive,279.26,260.52,4534,43,859.8,55.59,3.564,270.03,64.47,0
310,TSLA,Automotive,238.44,248.76,49910,45,723.8,12.01,4.457,241.7,35.86,1
311,AAPL,Technology,156.86,170.38,37925,23,2772.1,35.61,2.814,164.31,43.85,1
312,MSFT,Technology,325.9,327.02,29200,69,2718.9,44.02,2.926,336.51,30.66,1
313,GOOG,Technology,146.12,146.04,5094,94,1978.3,56.58,1.648,139.69,80.28,0
314,AAPL,Technology,182.19,199.41,4334,6,2796.7,41.02,3.955,179.94,49.17,1
315,GOOG,Technology,133.31,127.74,3864,56,1872.2,50.19,3.883,138.98,59.13,0
316,GOOG,Technology,122.01,141.31,44049,110,1994.1,14.19,3.148,122.05,66.4,1
317,MSFT,Technology,369.7,337.31,37505,108,2627.6,29.3,1.457,375.69,40.98,0
318,GOOG,Technology,132.07,145.79,34972,4,1790.1,28.7,0.937,137.52,65.41,1
319,GOOG,Technology,147.44,156.75,42315,93,1922.0,54.31,0.789,152.95,62.32,1
320,MSFT,Technology,392.06,475.49,23285,23,2674.9,17.57,3.167,392.13,64.4,1
321,GOOG,Technology,134.31,124.95,43542,6,1848.9,17.59,4.213,133.47,49.25,0
322,GOOG,Technology,128.15,106.78,41253,32,1935.4,26.43,4.362,126.1,41.81,0
323,GOOG,Technology,160.5,179.75,12099,106,1912.2,12.72,2.586,164.02,30.55,1
324,AAPL,Technology,172.59,155.73,36587,18,2771.8,19.12,4.029,168.91,72.72,0
325,AAPL,Technology,184.88,197.69,2681,15,2736.0,58.26,4.761,180.26,57.58,1
326,AAPL,Technology,156.13,174.02,2863,40,2843.6,31.41,1.738,153.89,46.1,1
327,MSFT,Technology,378.36,397.42,27474,96,2732.5,41.6,2.291,366.15,81.08,1
328,TSLA,Automotive,214.57,222.85,38859,73,795.0,46.31,4.692,218.76,18.35,1
329,GOOG,Technology,140.23,147.53,10631,101,1992.3,28.35,2.022,141.86,74.51,1
330,GOOG,Technology,159.49,173.36,25407,74,1846.5,17.36,4.612,159.22,84.83,1
331,MSFT,Technology,366.8,391.36,30935,84,2623.7,20.33,4.915,362.78,77.09,1
332,GOOG,Technology,120.64,111.31,11164,6,1865.4,25.66,3.478,125.57,71.73,0
333,AAPL,Technology,150.38,175.34,11412,112,2797.7,41.8,4.176,143.3,41.2,1
334,TSLA,Automotive,241.6,247.42,37648,63,812.2,29.91,3.873,248.1,31.19,1
335,AMZN,E-Commerce,161.64,171.58,37045,67,1587.9,10.34,3.648,168.14,66.44,1
336,GOOG,Technology,119.98,129.2,48037,106,1917.6,36.17,1.881,119.34,36.32,1
337,AAPL,Technology,188.45,209.65,6576,11,2737.4,56.08,0.757,189.41,27.32,1
338,AMZN,E-Commerce,177.76,196.28,24665,43,1672.2,50.6,2.044,185.66,70.06,1
339,TSLA,Automotive,234.19,241.34,2482,17,795.9,51.26,3.501,227.45,36.88,1
340,AMZN,E-Commerce,201.6,206.72,49783,96,1655.9,49.75,0.961,202.01,79.01,1
341,AAPL,Technology,154.85,163.01,22563,4,2817.1,26.19,0.554,154.46,73.84,1
342,AMZN,E-Commerce,204.62,226.72,45376,63,1622.8,48.26,1.129,199.68,74.33,1
343,MSFT,Technology,358.79,334.03,33502,68,2728.5,17.16,3.721,370.22,69.01,0
344,AMZN,E-Commerce,200.97,215.34,26445,81,1622.4,42.89,4.878,209.0,76.66,1
345,GOOG,Technology,144.32,136.97,44864,41,1932.1,42.08,4.924,148.39,71.4,0
346,GOOG,Technology,153.72,179.56,27046,83,1966.5,11.28,2.723,149.04,57.18,1
347,MSFT,Technology,435.18,456.67,14262,5,2709.8,49.4,4.412,417.2,35.71,1
348,AAPL,Technology,163.89,161.71,49254,32,2835.5,55.16,3.816,165.62,77.17,0
349,GOOG,Technology,159.37,168.02,46873,86,1895.5,23.37,2.755,152.31,73.84,1
350,TSLA,Automotive,241.71,246.72,8497,70,872.0,50.62,3.077,245.89,48.1,1
351,GOOG,Technology,135.19,136.16,22435,35,1866.2,14.12,1.118,135.6,17.74,1
352,GOOG,Technology,133.3,116.67,45195,22,1990.0,40.0,4.719,135.47,59.7,0
353,AAPL,Technology,177.17,166.2,14494,65,2798.0,34.28,2.084,178.77,18.54,0
354,AMZN,E-Commerce,161.32,162.73,27297,84,1528.5,37.3,2.508,160.07,79.84,1
355,GOOG,Technology,142.26,125.89,22110,22,1906.4,56.31,3.522,138.0,82.31,0
356,MSFT,Technology,384.75,374.37,24223,112,2665.9,53.57,2.003,377.27,28.26,0
357,AMZN,E-Commerce,194.14,190.26,22487,119,1642.0,49.25,1.644,194.62,62.35,0
358,TSLA,Automotive,275.02,263.37,2990,11,767.4,23.68,3.34,279.2,21.46,0
359,AAPL,Technology,171.87,185.93,27869,77,2777.7,55.59,0.612,176.67,66.07,1
360,TSLA,Automotive,235.17,223.31,43726,106,705.5,14.88,3.743,241.45,39.31,0
361,AMZN,E-Commerce,167.0,171.52,8126,3,1577.4,52.67,2.813,174.89,62.67,1
362,AMZN,E-Commerce,163.51,162.16,3406,9,1478.8,26.41,3.226,160.01,41.1,0
363,AMZN,E-Commerce,156.11,157.75,33765,60,1520.8,12.69,3.343,149.41,25.19,1
364,TSLA,Automotive,238.18,273.55,9377,76,838.0,43.47,2.872,234.5,43.43,1
365,AMZN,E-Commerce,167.59,173.35,42339,87,1639.3,21.56,3.121,171.67,22.89,1
366,TSLA,Automotive,284.98,299.18,47764,14,821.3,22.18,3.577,283.22,55.38,1
367,AMZN,E-Commerce,183.12,175.57,48108,97,1551.7,25.3,3.889,188.94,17.87,0
368,MSFT,Technology,362.59,388.0,14783,18,2697.6,13.18,3.774,364.38,51.91,1
369,AMZN,E-Commerce,184.35,196.65,770,113,1599.8,18.86,4.413,192.27,77.05,1
370,TSLA,Automotive,222.94,236.1,23775,105,742.1,10.26,1.352,232.92,73.65,1
371,GOOG,Technology,137.65,127.09,17989,73,1975.2,32.27,2.305,131.72,76.79,0
372,AMZN,E-Commerce,186.82,181.81,44635,23,1643.9,14.21,4.765,186.01,79.54,0
373,GOOG,Technology,139.53,158.32,13106,74,1889.0,44.13,2.285,141.06,22.32,1
374,MSFT,Technology,368.8,355.88,48636,83,2701.3,21.78,1.062,359.8,24.01,0
375,AAPL,Technology,200.93,230.19,26631,47,2810.4,57.18,2.865,199.06,53.99,1
376,MSFT,Technology,423.36,413.32,21739,69,2597.9,53.56,0.993,430.88,77.58,0
377,AMZN,E-Commerce,186.66,192.61,16733,47,1587.6,24.47,1.413,181.56,83.2,1
378,GOOG,Technology,142.91,143.63,34760,116,1865.9,49.16,4.992,144.37,18.24,1
379,GOOG,Technology,145.07,138.17,3539,87,1849.9,50.16,2.936,147.93,39.9,0
380,TSLA,Automotive,227.6,217.03,32272,30,785.9,59.33,1.778,218.28,29.9,0
381,GOOG,Technology,135.6,130.67,35722,25,1989.9,39.89,4.976,135.57,67.92,0
382,TSLA,Automotive,215.46,222.32,11677,28,832.0,14.1,4.85,210.36,59.81,1
383,AAPL,Technology,173.72,189.57,11863,98,2771.4,42.34,2.483,177.62,23.39,1
384,AMZN,E-Commerce,182.32,187.18,20276,109,1628.6,41.25,1.672,176.66,48.85,1
385,TSLA,Automotive,229.58,233.56,44486,112,870.0,41.92,4.273,238.58,62.98,1
386,AAPL,Technology,199.36,222.65,24355,111,2846.2,25.36,3.72,197.98,69.53,1
387,GOOG,Technology,157.2,160.86,41103,25,1903.0,52.98,3.591,152.45,16.4,1
388,GOOG,Technology,149.33,145.83,20096,74,1867.7,57.97,4.519,148.4,77.33,0
389,AAPL,Technology,176.75,166.18,35486,78,2834.9,20.89,3.602,175.14,54.85,0
390,GOOG,Technology,155.54,174.46,21162,106,1919.7,14.41,1.777,154.43,71.83,1
391,AAPL,Technology,155.61,154.62,36031,110,2844.8,19.73,3.622,156.94,71.56,0
392,TSLA,Automotive,271.79,264.65,35810,58,831.8,51.03,1.876,272.37,28.29,0
393,TSLA,Automotive,221.86,214.49,34793,94,852.5,43.83,3.917,214.09,22.71,0
394,AAPL,Technology,190.45,212.76,35840,119,2773.2,41.8,3.289,182.18,65.49,1
395,TSLA,Automotive,233.18,227.16,11805,41,865.9,30.09,0.848,238.53,25.95,0
396,TSLA,Automotive,278.28,305.9,43508,25,809.9,38.89,2.808,279.94,74.5,1
397,TSLA,Automotive,283.3,283.74,28147,78,903.8,25.39,2.045,279.31,65.83,1
398,MSFT,Technology,339.96,313.9,11066,99,2665.5,33.86,1.979,350.44,73.93,0
399,AMZN,E-Commerce,177.98,176.81,17474,116,1686.8,49.65,3.21,175.99,35.93,0
400,GOOG,Technology,160.2,162.98,11238,48,1909.9,59.06,1.95,164.94,37.16,1
401,MSFT,Technology,378.11,382.19,16035,98,2667.4,56.62,3.996,370.77,61.99,1
402,TSLA,Automotive,277.27,279.71,46013,10,775.8,56.69,0.819,265.43,17.2,1
403,AAPL,Technology,179.66,178.63,589,99,2784.0,30.11,3.472,187.43,65.85,0
404,TSLA,Automotive,240.65,230.35,44616,75,821.2,33.44,4.141,238.11,73.5,0
405,AMZN,E-Commerce,168.43,171.94,22360,11,1626.1,45.28,3.528,173.36,44.06,1
406,TSLA,Automotive,227.74,242.15,26169,85,771.3,56.11,2.738,222.71,68.54,1
407,AAPL,Technology,188.74,170.43,19375,21,2798.8,17.1,4.776,191.5,27.22,0
408,AMZN,E-Commerce,173.87,195.42,36384,86,1707.1,25.21,1.85,180.36,37.56,1
409,TSLA,Automotive,250.85,181.68,39278,45,886.4,16.96,0.586,239.35,83.2,0
410,AMZN,E-Commerce,179.59,184.26,32921,7,1621.8,40.6,2.444,185.53,84.04,1
411,GOOG,Technology,143.25,151.46,17099,119,1901.9,25.32,0.649,144.27,50.88,1
412,GOOG,Technology,155.35,150.96,38812,81,1906.0,26.31,4.793,157.02,80.4,0
413,TSLA,Automotive,286.06,243.13,40272,64,830.7,13.55,1.445,286.72,51.59,0
414,AMZN,E-Commerce,175.01,177.16,33822,64,1548.9,27.49,4.05,181.56,35.41,1
415,AAPL,Technology,192.19,198.64,10725,2,2787.1,53.12,3.986,183.42,33.68,1
416,TSLA,Automotive,269.84,250.44,1729,76,716.6,21.65,1.48,263.39,80.07,0
417,GOOG,Technology,143.09,136.45,11073,42,1920.0,44.76,3.296,148.47,27.07,0
418,GOOG,Technology,159.15,174.59,6959,82,1932.4,41.48,0.716,163.17,55.57,1
419,TSLA,Automotive,227.54,234.23,41709,54,775.8,53.17,2.676,216.56,53.89,1
420,AMZN,E-Commerce,158.9,142.9,43407,75,1678.7,16.61,0.566,159.17,66.77,0
421,GOOG,Technology,154.87,163.54,45550,16,1838.7,58.88,4.645,155.33,49.95,1
422,AMZN,E-Commerce,176.71,167.09,36146,113,1526.8,39.13,4.892,174.96,34.06,0
423,GOOG,Technology,154.57,148.08,21939,115,1911.2,59.77,1.5,151.44,26.86,0
424,GOOG,Technology,156.51,162.12,27316,18,1952.4,55.58,1.436,159.35,58.46,1
425,MSFT,Technology,330.12,339.48,19045,99,2784.2,21.08,3.892,320.47,65.33,1
426,GOOG,Technology,156.11,154.2,6639,117,1877.1,12.81,1.64,160.78,54.87,0
427,AAPL,Technology,172.29,168.79,49622,59,2853.9,22.78,4.528,177.51,66.68,0
428,TSLA,Automotive,250.78,250.76,33725,90,798.1,36.38,3.083,248.65,24.91,0
429,TSLA,Automotive,259.49,248.48,4986,16,791.4,18.58,2.078,253.87,76.77,0
430,AMZN,E-Commerce,203.02,224.77,45813,6,1644.2,18.37,4.247,198.63,55.77,1
431,GOOG,Technology,119.8,107.16,7585,57,1932.6,33.13,2.72,119.59,23.88,0
432,AAPL,Technology,173.78,173.91,31555,108,2721.2,11.66,4.602,177.6,47.33,1
433,AMZN,E-Commerce,190.14,171.74,46548,107,1673.8,16.09,4.676,187.46,74.14,0
434,MSFT,Technology,405.39,443.85,16867,47,2769.0,30.79,1.244,409.85,77.83,1
435,AMZN,E-Commerce,190.4,190.52,47265,111,1568.7,13.16,0.51,188.16,33.53,1
436,AMZN,E-Commerce,160.26,149.92,28553,48,1619.8,29.84,4.928,157.13,64.79,0
437,GOOG,Technology,131.57,141.41,10844,42,1924.7,33.7,4.578,125.32,22.0,1
438,MSFT,Technology,363.89,304.45,37202,76,2713.0,32.56,0.75,345.84,17.35,0
439,AMZN,E-Commerce,196.44,204.78,12326,60,1572.5,53.46,4.249,191.08,54.23,1
440,AAPL,Technology,163.38,181.7,27969,77,2766.4,36.5,2.56,161.85,63.64,1
441,AAPL,Technology,159.81,165.3,22688,4,2798.7,33.4,1.665,165.42,70.71,1
442,TSLA,Automotive,284.31,278.48,13540,103,858.6,30.54,4.454,292.8,38.82,0
443,MSFT,Technology,324.01,298.29,31809,118,2727.2,50.88,1.385,316.47,15.46,0
444,MSFT,Technology,436.75,483.31,47888,2,2681.5,54.75,4.763,425.59,48.57,1
445,TSLA,Automotive,263.26,288.06,22595,90,838.6,52.66,1.425,256.08,16.11,1
446,AMZN,E-Commerce,197.74,191.49,37119,59,1457.6,43.68,3.262,194.56,21.44,0
447,MSFT,Technology,356.59,346.07,45048,27,2757.4,16.87,1.504,356.53,37.87,0
448,AAPL,Technology,149.5,166.68,49008,27,2713.0,23.84,2.956,148.58,45.6,1
449,AAPL,Technology,187.49,199.21,1022,79,2781.9,12.3,3.578,182.21,34.56,1
450,GOOG,Technology,154.03,135.1,27626,72,1844.0,56.54,1.356,148.34,55.73,0
451,MSFT,Technology,407.41,409.18,8057,7,2635.3,43.04,2.844,387.55,18.87,1
452,AMZN,E-Commerce,160.71,160.93,48664,63,1658.0,47.32,2.611,155.15,25.12,1
453,TSLA,Automotive,269.01,279.72,34098,111,776.6,25.58,0.82,274.53,63.67,1
454,TSLA,Automotive,270.17,275.7,43495,119,817.3,52.28,4.182,263.24,24.95,1
455,AMZN,E-Commerce,188.56,184.6,24131,46,1597.7,22.98,2.011,187.97,59.78,0
456,GOOG,Technology,151.18,156.36,10106,63,1923.9,10.08,3.086,152.56,18.83,1
457,TSLA,Automotive,275.94,271.57,37801,104,803.8,28.82,2.817,286.61,43.52,0
458,MSFT,Technology,392.95,508.14,47163,12,2635.9,38.54,2.81,408.23,27.42,1
459,GOOG,Technology,122.72,126.38,26039,13,1949.8,33.94,0.983,125.74,22.67,1
460,MSFT,Technology,378.59,385.72,49245,43,2675.3,53.1,2.406,360.99,54.69,1
461,AAPL,Technology,152.83,178.42,20424,17,2722.2,15.27,2.536,153.98,79.98,1
462,GOOG,Technology,136.12,123.99,22967,63,1878.6,37.69,3.801,140.02,18.84,0
463,TSLA,Automotive,243.03,245.75,303,81,875.0,35.65,4.28,231.3,44.51,1
464,GOOG,Technology,121.77,114.95,16644,36,1942.5,24.07,2.952,122.38,64.53,0
465,GOOG,Technology,133.65,143.11,15999,85,1882.6,51.11,0.891,138.43,47.39,1
466,GOOG,Technology,123.66,121.24,29163,8,1882.5,47.64,1.566,123.34,71.45,0
467,GOOG,Technology,152.95,163.11,25444,69,1883.9,46.64,1.242,145.37,27.58,1
468,MSFT,Technology,431.04,457.18,3848,90,2803.8,53.81,1.061,409.96,82.17,1
469,AAPL,Technology,152.55,165.12,39586,80,2819.1,46.14,2.147,151.28,41.96,1
470,AMZN,E-Commerce,204.58,217.26,1193,36,1621.5,21.59,1.532,197.52,38.91,1
471,GOOG,Technology,140.95,141.24,15328,28,1951.5,45.28,1.482,143.27,76.22,1
472,TSLA,Automotive,234.97,213.4,20984,118,811.9,25.39,0.746,239.88,54.47,0
473,GOOG,Technology,122.23,134.54,25283,93,1887.0,22.11,0.58,118.29,51.15,1
474,TSLA,Automotive,250.05,283.24,16134,47,790.2,13.65,0.962,259.77,65.89,1
475,MSFT,Technology,413.57,390.81,5810,76,2696.4,47.2,1.275,411.17,55.59,0
476,TSLA,Automotive,265.53,286.47,42600,101,798.1,45.55,2.439,256.05,26.38,1
477,AMZN,E-Commerce,155.71,144.25,19359,30,1636.4,21.72,2.797,159.82,62.19,0
478,AAPL,Technology,152.58,158.11,36059,23,2802.6,47.47,1.133,157.0,24.34,1
479,TSLA,Automotive,242.72,255.52,33557,16,836.6,55.89,2.412,246.1,71.41,1
480,TSLA,Automotive,234.65,231.34,20243,14,796.0,15.4,2.038,242.94,84.28,0
481,AAPL,Technology,160.95,165.39,2203,74,2803.9,21.63,1.325,164.77,41.42,1
482,AMZN,E-Commerce,168.17,182.94,465,71,1500.1,47.51,0.531,174.6,46.13,1
483,GOOG,Technology,152.75,154.47,46878,109,1945.8,23.73,2.602,151.74,18.25,1
484,TSLA,Automotive,282.19,272.59,44635,52,817.3,41.23,3.585,289.18,15.96,0
485,AAPL,Technology,170.02,156.78,16203,37,2849.9,14.06,1.518,178.52,79.5,0
486,MSFT,Technology,426.3,421.5,32610,29,2555.2,32.61,1.093,435.89,24.0,0
487,AAPL,Technology,165.63,153.38,24576,67,2904.4,46.95,4.492,159.24,46.2,0
488,MSFT,Technology,377.31,373.46,12842,15,2693.0,44.33,1.738,378.0,72.07,0
489,AMZN,E-Commerce,165.21,162.37,12491,100,1655.4,50.75,1.506,166.65,77.25,0
490,GOOG,Technology,145.9,158.2,37040,47,1848.0,53.87,4.357,141.15,51.36,1
491,AAPL,Technology,200.15,205.33,29001,46,2830.6,48.66,4.177,209.41,54.55,1
492,TSLA,Automotive,257.76,315.44,32101,52,747.3,43.58,2.518,249.4,61.88,1
493,AMZN,E-Commerce,172.32,148.01,15723,19,1568.8,11.59,2.702,166.76,82.3,0
494,AAPL,Technology,182.76,191.0,2478,77,2895.7,36.75,1.48,190.35,57.19,1
495,TSLA,Automotive,221.72,218.14,21472,106,790.5,11.88,0.852,220.95,54.16,0
496,AAPL,Technology,195.4,184.36,44899,21,2810.9,50.4,3.08,186.86,16.02,0
497,MSFT,Technology,380.35,387.05,38537,64,2743.5,26.04,0.943,384.08,20.67,1
498,AAPL,Technology,172.34,174.34,35603,37,2824.8,38.12,2.522,174.09,55.4,1
499,AAPL,Technology,179.51,198.58,30846,27,2807.5,23.97,4.732,171.69,80.54,1
500,AAPL,Technology,181.55,186.51,28023,55,2818.2,49.13,4.788,190.13,75.67,1
501,AMZN,E-Commerce,156.88,151.32,9967,116,1720.2,54.33,1.577,157.57,83.78,0
502,AAPL,Technology,184.59,193.22,41358,29,2797.1,29.93,3.309,185.69,51.95,1
503,TSLA,Automotive,230.64,231.02,33824,20,810.1,53.15,2.633,231.1,70.16,1
504,MSFT,Technology,404.39,376.07,9406,25,2752.5,23.35,4.441,408.87,73.83,0
505,MSFT,Technology,416.77,416.82,39491,70,2755.3,36.73,1.721,406.95,60.36,1
506,AAPL,Technology,190.96,198.31,15008,63,2859.4,52.94,0.517,186.9,38.71,1
507,AMZN,E-Commerce,182.84,187.55,27181,36,1631.9,26.29,1.232,183.05,47.9,1
508,AMZN,E-Commerce,181.09,189.5,37328,2,1542.8,57.7,2.073,186.64,75.05,1
509,TSLA,Automotive,223.22,218.28,23486,22,881.7,16.09,1.921,213.17,35.9,0
510,AAPL,Technology,189.46,198.06,46854,96,2742.7,10.91,4.061,191.42,79.66,1
511,MSFT,Technology,353.94,364.42,45506,16,2715.1,55.21,3.563,364.8,31.09,1
512,AMZN,E-Commerce,179.82,185.26,28402,18,1562.3,13.43,1.848,173.65,67.47,1
513,AAPL,Technology,163.67,167.37,19312,69,2796.8,59.59,2.56,155.73,59.14,1
514,AMZN,E-Commerce,160.23,191.33,35718,54,1616.4,57.57,0.93,157.23,67.47,1
515,AMZN,E-Commerce,187.0,207.35,46167,100,1616.1,16.85,4.542,188.65,45.61,1
516,MSFT,Technology,329.19,343.55,10798,30,2721.1,36.88,4.709,317.28,80.28,1
517,GOOG,Technology,150.44,143.82,4694,45,1980.7,19.25,4.909,149.33,59.27,0
518,TSLA,Automotive,236.32,235.52,25625,19,822.7,31.41,4.408,237.56,35.18,0
519,TSLA,Automotive,212.51,244.23,14382,87,787.8,13.07,1.283,214.61,59.69,1
520,MSFT,Technology,381.27,371.72,49153,34,2748.2,21.2,0.708,372.67,35.08,0
521,AMZN,E-Commerce,155.53,156.58,14434,13,1659.5,28.16,3.108,153.98,35.55,1
522,AAPL,Technology,163.25,163.62,29279,43,2738.6,31.93,4.607,167.79,42.97,1
523,AMZN,E-Commerce,191.18,200.63,6744,62,1629.9,58.87,1.298,199.62,74.67,1
524,MSFT,Technology,330.15,325.22,35718,118,2735.1,50.39,0.532,342.1,50.02,0
525,TSLA,Automotive,275.45,284.86,47801,93,785.1,46.87,4.125,277.22,62.52,1
526,AMZN,E-Commerce,153.21,151.2,33033,100,1668.8,36.85,0.846,151.84,42.44,0
527,TSLA,Automotive,231.01,259.92,43569,22,792.5,52.0,2.362,227.15,33.45,1
528,AAPL,Technology,187.65,181.1,33787,52,2806.3,26.97,3.555,180.61,81.82,0
529,TSLA,Automotive,236.22,259.42,41173,52,791.3,45.44,1.566,226.93,57.25,1
530,TSLA,Automotive,220.14,214.24,17475,111,800.8,59.69,0.878,224.29,80.38,0
531,GOOG,Technology,134.13,127.65,48583,36,1845.2,25.73,3.965,130.91,29.24,0
532,GOOG,Technology,130.36,125.66,31026,73,1828.0,43.7,3.336,127.16,25.28,0
533,GOOG,Technology,154.39,136.34,36707,103,1979.7,52.22,4.948,162.08,74.91,0
534,TSLA,Automotive,236.0,249.0,17742,115,757.7,55.79,2.049,228.64,62.66,1
535,MSFT,Technology,412.94,382.75,24093,19,2650.4,45.9,0.778,398.41,28.06,0
536,TSLA,Automotive,279.39,276.98,44486,38,692.3,24.18,3.805,268.18,33.86,0
537,MSFT,Technology,372.46,402.6,46387,70,2668.1,26.31,2.848,375.43,71.05,1
538,MSFT,Technology,426.73,460.16,21288,116,2633.8,11.04,1.459,432.19,46.77,1
539,GOOG,Technology,134.85,122.1,32696,111,1982.1,48.04,4.018,133.03,61.94,0
540,AMZN,E-Commerce,205.06,214.26,27872,79,1650.5,12.14,1.417,205.79,37.28,1
541,AAPL,Technology,153.44,170.51,30957,57,2765.6,53.23,1.673,157.87,41.69,1
542,GOOG,Technology,147.85,143.27,10876,20,2012.6,15.93,0.916,152.55,84.35,0
543,GOOG,Technology,139.74,148.28,32935,9,1949.1,18.59,2.297,146.14,32.33,1
544,AMZN,E-Commerce,173.93,161.5,9888,32,1583.8,33.83,2.385,179.57,50.45,0
545,AAPL,Technology,181.97,191.22,5760,4,2675.0,46.89,2.816,183.15,74.11,1
546,TSLA,Automotive,265.29,273.38,4578,50,914.5,16.95,3.69,256.79,31.75,1
547,TSLA,Automotive,212.83,228.34,8310,82,730.5,32.0,4.577,204.31,44.06,1
548,GOOG,Technology,126.01,134.57,11022,5,1817.7,34.14,1.12,120.4,58.06,1
549,AAPL,Technology,186.18,169.74,36389,20,2851.1,20.61,0.745,189.28,48.68,0
550,GOOG,Technology,146.99,151.54,33440,87,2022.0,15.78,0.583,151.51,47.17,1
551,MSFT,Technology,433.13,492.14,39950,75,2769.2,51.82,1.146,433.51,40.38,1
552,GOOG,Technology,150.96,127.59,38263,37,1928.2,35.12,3.461,144.24,56.07,0
553,GOOG,Technology,158.93,174.4,48275,22,1929.7,10.72,3.774,159.49,58.71,1
554,TSLA,Automotive,265.19,304.47,18742,58,842.7,50.15,4.039,276.75,60.73,1
555,TSLA,Automotive,234.85,211.65,11194,68,837.9,59.04,1.597,237.14,19.93,0
556,TSLA,Automotive,220.4,212.98,22523,93,814.1,40.3,1.877,227.22,59.17,0
557,MSFT,Technology,412.13,437.44,33518,44,2705.2,35.19,2.674,424.5,81.73,1
558,TSLA,Automotive,260.81,247.54,5841,34,796.9,53.92,0.784,272.08,52.87,0
559,AAPL,Technology,151.28,170.82,46149,77,2762.3,57.63,3.25,155.37,65.07,1
560,AMZN,E-Commerce,172.44,190.5,6938,42,1586.0,47.73,4.927,176.71,53.97,1
561,AAPL,Technology,198.98,180.91,3362,9,2715.4,32.27,2.124,193.69,74.83,0
562,AAPL,Technology,175.02,168.12,5096,106,2795.1,39.61,3.888,167.32,80.07,0
563,TSLA,Automotive,244.95,264.93,44694,95,750.6,45.05,2.75,245.38,27.9,1
564,AMZN,E-Commerce,177.72,191.66,22264,7,1544.8,19.71,1.075,171.05,45.58,1
565,AMZN,E-Commerce,164.28,196.72,35695,68,1609.0,32.36,3.12,171.87,42.47,1
566,AMZN,E-Commerce,172.91,164.2,30357,19,1669.6,51.49,1.849,169.28,43.37,0
567,MSFT,Technology,365.16,415.09,14311,106,2745.9,42.74,0.655,378.05,23.79,1
568,TSLA,Automotive,216.43,204.93,30553,94,721.5,30.56,3.357,214.0,71.95,0
569,AMZN,E-Commerce,194.45,206.12,5332,31,1550.5,43.17,4.365,191.01,17.5,1
570,MSFT,Technology,370.48,404.34,2317,35,2747.0,15.91,2.051,386.6,51.98,1
571,GOOG,Technology,153.53,119.83,24329,57,1850.9,30.07,2.256,151.43,61.33,0
572,GOOG,Technology,154.71,169.08,14332,85,1888.8,49.66,4.51,153.01,29.52,1
573,MSFT,Technology,347.17,392.57,25713,61,2727.5,21.03,4.161,333.49,78.41,1
574,MSFT,Technology,397.94,440.79,14126,31,2651.6,19.3,3.717,404.72,73.7,1
575,TSLA,Automotive,247.92,293.6,28654,83,805.3,57.54,1.62,242.68,47.98,1
576,TSLA,Automotive,278.51,305.59,31008,95,733.3,20.49,4.596,280.89,43.78,1
577,GOOG,Technology,128.06,125.12,19710,53,1869.9,23.05,1.195,129.23,31.56,0
578,AMZN,E-Commerce,189.6,212.19,46746,32,1616.0,58.48,3.32,193.76,66.1,1
579,GOOG,Technology,144.53,140.55,39705,66,1820.4,46.74,0.63,148.07,24.22,0
580,AMZN,E-Commerce,168.95,173.44,7131,59,1622.0,44.98,3.397,169.19,62.62,1
581,AMZN,E-Commerce,160.38,174.26,47674,116,1599.0,52.65,1.747,157.67,73.97,1
582,TSLA,Automotive,261.37,275.97,25615,10,827.6,15.79,2.524,270.19,30.99,1
583,AAPL,Technology,187.53,211.55,36584,2,2811.2,45.3,2.054,183.96,75.65,1
584,AAPL,Technology,165.32,201.54,36282,66,2868.2,35.18,1.277,165.44,17.33,1
585,MSFT,Technology,396.51,368.36,670,60,2706.3,51.46,3.299,392.59,78.9,0
586,TSLA,Automotive,242.13,240.61,32354,88,778.5,35.41,4.469,250.73,23.29,0
587,AMZN,E-Commerce,191.51,200.19,19388,17,1606.1,41.01,4.816,190.21,60.2,1
588,AAPL,Technology,159.21,156.49,13388,96,2827.2,33.89,1.366,157.4,32.51,0
589,AMZN,E-Commerce,201.07,203.87,29977,16,1602.4,33.91,3.728,204.89,73.56,1
590,AAPL,Technology,163.84,177.29,18989,16,2802.0,48.4,3.49,165.52,50.86,1
591,AAPL,Technology,168.06,180.06,1017,46,2764.9,41.43,2.045,161.46,24.47,1
592,AAPL,Technology,151.8,157.84,10166,39,2766.9,41.66,0.586,151.92,54.97,1
593,TSLA,Automotive,220.86,227.89,29604,117,729.9,32.51,3.604,226.06,43.55,1
594,GOOG,Technology,140.67,140.96,7082,31,1987.5,36.56,4.755,147.59,61.3,1
595,AMZN,E-Commerce,167.45,189.61,39204,107,1537.8,47.29,3.345,169.61,76.73,1
596,TSLA,Automotive,275.16,317.28,18162,88,765.4,51.3,2.459,271.59,43.66,1
597,TSLA,Automotive,213.6,235.28,17099,1,764.1,44.83,2.863,207.75,35.29,1
598,TSLA,Automotive,240.93,223.6,10041,11,844.7,56.2,1.398,249.91,16.02,0
599,TSLA,Automotive,237.8,237.57,23570,119,785.3,51.02,3.877,245.28,55.24,0
600,TSLA,Automotive,213.95,221.65,45248,85,862.4,38.09,3.859,208.26,43.16,1
601,MSFT,Technology,337.18,318.55,21233,4,2666.3,43.57,1.155,327.09,41.23,0
602,AMZN,E-Commerce,175.34,179.96,44535,71,1613.9,56.32,4.451,179.11,27.81,1
603,TSLA,Automotive,249.46,254.89,4629,26,758.2,40.96,1.711,244.84,45.1,1
604,AMZN,E-Commerce,174.83,193.49,17619,111,1707.3,51.24,4.92,171.45,83.91,1
605,MSFT,Technology,383.53,375.91,12292,50,2640.6,44.44,2.223,370.19,35.84,0
606,MSFT,Technology,390.85,435.04,8666,12,2715.5,37.6,1.3,381.62,56.98,1
607,AMZN,E-Commerce,153.54,144.85,7326,95,1631.7,22.09,2.083,152.43,69.35,0
608,AAPL,Technology,173.11,165.25,38030,81,2820.7,31.3,2.481,177.14,67.44,0
609,GOOG,Technology,159.47,157.82,49458,97,1890.7,58.39,0.812,156.86,38.01,0
610,AAPL,Technology,176.0,180.19,21359,75,2793.5,42.89,3.102,172.98,57.76,1
611,AAPL,Technology,184.32,152.37,34187,92,2802.2,38.22,3.189,180.36,75.99,0
612,AAPL,Technology,165.12,174.49,1241,96,2792.6,56.65,3.825,164.76,16.08,1
613,TSLA,Automotive,270.55,312.96,4727,65,848.2,39.33,0.631,261.91,45.5,1
614,MSFT,Technology,411.11,440.75,47369,47,2810.5,36.3,2.936,410.52,30.7,1
615,AAPL,Technology,176.12,176.67,2790,92,2772.1,47.97,0.738,179.72,42.2,1
616,MSFT,Technology,434.27,405.27,40191,53,2631.5,45.63,3.655,413.85,44.12,0
617,AMZN,E-Commerce,159.78,139.8,3355,106,1595.6,19.66,0.751,151.95,67.27,0
618,GOOG,Technology,119.71,106.37,5313,71,2029.0,33.57,4.603,114.62,21.57,0
619,AMZN,E-Commerce,194.59,196.44,36976,2,1559.8,33.63,3.659,195.28,50.88,1
620,AMZN,E-Commerce,196.59,233.66,19504,106,1682.0,28.91,2.783,203.56,54.49,1
621,TSLA,Automotive,221.52,177.8,25480,24,883.9,35.86,2.487,210.55,49.59,0
622,GOOG,Technology,130.15,140.04,25620,4,1872.3,30.66,1.088,135.83,66.23,1
623,AMZN,E-Commerce,153.95,148.68,19273,108,1628.4,19.97,1.809,147.89,41.87,0
624,AMZN,E-Commerce,168.84,167.69,24089,19,1681.4,30.62,4.41,174.61,81.15,0
625,GOOG,Technology,151.47,143.14,42670,26,1881.0,13.61,4.57,151.21,48.73,0
626,GOOG,Technology,140.75,128.17,24619,75,1889.8,38.79,0.503,142.99,54.98,0
627,AMZN,E-Commerce,171.8,176.96,22539,40,1570.9,52.68,3.174,171.98,72.79,1
628,GOOG,Technology,134.61,140.13,11513,50,1849.3,46.26,3.737,134.3,34.27,1
629,AMZN,E-Commerce,153.07,164.32,15095,43,1567.5,28.02,3.284,158.2,20.26,1
630,AMZN,E-Commerce,169.19,149.76,23659,75,1538.8,14.35,0.868,173.52,64.54,0
631,TSLA,Automotive,260.98,284.45,45451,109,801.7,20.11,1.48,260.55,48.81,1
632,AAPL,Technology,199.9,218.16,23613,67,2761.5,37.27,1.627,192.14,77.76,1
633,AMZN,E-Commerce,198.74,209.46,5121,12,1611.7,20.35,4.243,191.1,83.79,1
634,MSFT,Technology,325.69,321.24,32564,67,2622.2,37.2,2.584,335.51,42.94,0
635,AAPL,Technology,195.92,204.67,21219,106,2816.5,21.58,2.691,196.5,44.08,1
636,AAPL,Technology,189.87,191.23,29399,27,2841.7,52.45,4.707,189.52,43.56,1
637,AAPL,Technology,189.72,208.21,39450,113,2700.3,29.86,3.367,193.15,37.72,1
638,TSLA,Automotive,246.85,244.55,46323,54,818.7,22.28,4.544,255.71,69.72,0
639,AMZN,E-Commerce,174.49,179.49,25617,66,1661.4,50.62,2.554,176.74,68.13,1
640,TSLA,Automotive,235.22,207.21,13217,49,739.5,27.14,1.172,241.4,48.51,0
641,AMZN,E-Commerce,156.55,163.5,22350,16,1683.6,15.57,4.685,160.7,18.13,1
642,TSLA,Automotive,229.62,220.44,19050,2,821.0,38.52,2.564,226.32,36.67,0
643,TSLA,Automotive,231.0,245.09,17459,60,764.7,39.08,1.317,225.78,35.46,1
644,MSFT,Technology,378.18,409.6,23696,54,2697.2,45.73,1.861,389.57,71.78,1
645,TSLA,Automotive,268.56,260.83,25630,30,827.9,22.01,0.729,265.26,21.13,0
646,GOOG,Technology,138.9,142.02,1362,84,1903.8,32.19,2.607,144.5,71.4,1
647,MSFT,Technology,329.59,340.78,40250,38,2726.9,24.12,4.339,315.41,61.84,1
648,TSLA,Automotive,284.33,298.39,22715,28,754.0,14.05,4.701,271.77,66.27,1
649,AAPL,Technology,198.24,214.73,3427,25,2808.5,53.83,4.697,206.7,45.25,1
650,GOOG,Technology,151.98,163.03,29868,96,1829.3,46.44,1.064,154.24,62.58,1
651,GOOG,Technology,160.64,158.97,28950,10,1894.4,25.07,2.219,158.71,57.63,0
652,GOOG,Technology,141.87,162.85,42888,60,1854.8,39.97,0.627,145.49,68.83,1
653,MSFT,Technology,432.76,467.45,16948,42,2663.2,20.06,4.348,440.22,46.27,1
654,TSLA,Automotive,218.17,247.06,46930,40,861.8,54.51,2.114,218.85,48.1,1
655,TSLA,Automotive,239.93,251.38,39642,97,854.6,15.75,3.34,230.31,60.05,1
656,AAPL,Technology,160.58,169.0,15260,77,2830.5,10.19,3.717,165.59,22.57,1
657,AAPL,Technology,159.03,160.72,34098,105,2745.4,35.1,2.434,164.85,45.54,1
658,GOOG,Technology,124.91,122.97,27330,118,1884.2,39.16,1.879,120.82,83.04,0
659,AAPL,Technology,181.43,199.22,9176,42,2860.7,38.95,4.83,187.79,17.63,1
660,MSFT,Technology,412.07,429.03,3905,47,2707.1,12.73,4.84,427.64,37.12,1
661,TSLA,Automotive,255.87,258.29,31185,37,916.0,25.7,1.802,257.13,36.99,1
662,GOOG,Technology,125.17,117.43,14815,118,1919.7,34.96,2.658,127.12,59.34,0
663,AAPL,Technology,191.33,218.96,5850,80,2809.6,20.83,4.878,189.08,22.41,1
664,MSFT,Technology,395.5,406.97,48495,109,2684.5,53.63,0.522,386.87,59.0,1
665,MSFT,Technology,367.25,338.55,13332,22,2706.7,14.36,2.357,375.4,21.65,0
666,AAPL,Technology,184.14,189.02,36003,57,2792.4,34.37,0.952,190.8,21.65,1
667,TSLA,Automotive,231.99,232.9,7053,84,835.4,44.57,2.791,235.56,65.97,1
668,AAPL,Technology,166.87,166.98,32193,114,2847.8,23.09,0.611,167.06,37.69,1
669,GOOG,Technology,157.53,167.94,25600,107,1860.7,41.21,2.331,152.16,83.42,1
670,AAPL,Technology,164.0,164.66,22518,27,2733.4,51.47,1.493,156.68,17.61,1
671,MSFT,Technology,376.58,374.91,34414,41,2608.2,19.52,2.9,374.53,46.16,0
672,AAPL,Technology,195.48,220.7,48325,80,2825.4,55.86,4.982,186.67,22.92,1
673,TSLA,Automotive,265.58,233.93,22549,34,744.8,37.68,4.102,267.42,39.6,0
674,AMZN,E-Commerce,156.36,158.84,17578,32,1492.4,24.96,4.305,154.53,84.88,1
675,AAPL,Technology,156.48,171.24,35279,90,2819.4,31.54,3.359,160.5,77.22,1
676,TSLA,Automotive,213.09,228.04,46981,89,924.6,25.61,0.687,208.95,18.38,1
677,TSLA,Automotive,259.82,286.22,25438,66,799.7,46.26,1.431,262.24,54.43,1
678,MSFT,Technology,374.03,442.0,26999,12,2741.9,49.82,4.663,375.44,60.35,1
679,TSLA,Automotive,222.57,257.27,4245,40,804.1,51.65,2.148,211.55,29.67,1
680,TSLA,Automotive,284.35,263.75,32201,73,795.1,59.29,0.966,272.19,25.16,0
681,TSLA,Automotive,252.22,224.76,2875,76,846.0,49.56,3.661,246.93,78.31,0
682,TSLA,Automotive,230.64,241.28,46061,90,785.5,40.07,1.848,239.46,82.82,1
683,GOOG,Technology,140.03,127.66,31747,73,1913.4,26.96,1.71,135.09,84.43,0
684,GOOG,Technology,147.54,127.75,45719,10,1916.1,37.23,4.991,150.65,70.28,0
685,MSFT,Technology,331.69,346.72,45938,96,2666.6,12.05,4.362,347.39,61.45,1
686,AAPL,Technology,163.17,173.84,19639,98,2849.6,47.24,2.336,167.91,39.2,1
687,TSLA,Automotive,273.02,315.85,36838,48,791.3,32.3,4.911,266.0,27.0,1
688,AAPL,Technology,172.88,186.97,26716,20,2762.2,11.0,3.426,179.94,20.53,1
689,AAPL,Technology,177.45,208.25,14219,39,2826.8,13.13,3.839,170.23,63.53,1
690,MSFT,Technology,372.34,390.38,25259,60,2655.1,29.37,0.642,371.15,69.93,1
691,TSLA,Automotive,215.79,200.49,37199,66,801.4,39.17,1.047,224.15,72.85,0
692,TSLA,Automotive,224.93,244.22,10395,65,799.5,33.21,3.349,228.11,78.96,1
693,AMZN,E-Commerce,177.06,199.5,34810,51,1654.3,40.96,4.546,175.53,76.6,1
694,AAPL,Technology,159.73,167.92,24785,36,2823.7,34.01,3.307,156.42,84.98,1
695,AAPL,Technology,151.37,171.96,49443,24,2798.7,43.09,1.103,149.48,32.08,1
696,GOOG,Technology,154.43,156.0,25579,118,1940.9,20.96,1.021,154.57,68.43,1
697,AMZN,E-Commerce,205.98,219.1,46272,27,1669.5,15.64,4.299,202.25,56.05,1
698,GOOG,Technology,152.31,153.23,33729,2,1927.9,39.82,1.127,159.45,33.29,1
699,GOOG,Technology,154.86,187.43,42143,31,1900.5,34.23,2.841,161.57,83.73,1
700,GOOG,Technology,129.16,140.44,17133,57,1834.4,11.34,0.667,133.95,77.85,1
701,MSFT,Technology,432.51,402.52,37002,78,2646.7,29.02,0.863,429.13,24.0,0
702,MSFT,Technology,345.45,403.56,44671,66,2684.7,15.31,3.526,352.06,16.83,1
703,GOOG,Technology,158.96,152.82,15508,29,1869.5,36.57,3.601,165.36,63.18,0
704,AMZN,E-Commerce,206.72,211.08,17520,15,1590.7,29.79,2.037,213.96,57.29,1
705,AAPL,Technology,186.12,196.82,16451,12,2802.8,40.66,1.47,184.53,80.51,1
706,AMZN,E-Commerce,205.98,219.16,4231,101,1626.5,50.28,4.162,198.0,31.38,1
707,TSLA,Automotive,255.22,270.2,44925,28,796.5,24.98,1.477,244.39,20.91,1
708,MSFT,Technology,352.59,327.68,11449,84,2724.3,58.11,2.939,355.31,33.15,0
709,AAPL,Technology,171.69,181.81,44354,103,2803.2,36.78,4.857,174.14,16.32,1
710,AAPL,Technology,179.91,199.35,38325,24,2701.2,40.91,1.165,186.2,17.51,1
711,TSLA,Automotive,217.98,241.03,38947,21,753.0,44.03,4.734,213.46,79.04,1
712,TSLA,Automotive,259.18,237.37,12553,10,792.8,43.34,1.323,250.56,39.64,0
713,GOOG,Technology,160.21,155.01,18914,110,1839.5,35.55,3.053,158.27,43.76,0
714,MSFT,Technology,344.67,322.76,18363,78,2730.0,31.44,2.197,339.62,16.29,0
715,MSFT,Technology,413.36,432.86,12258,101,2776.5,12.69,4.842,398.17,33.94,1
716,AMZN,E-Commerce,202.03,180.99,15835,18,1660.9,11.1,1.731,205.51,71.33,0
717,GOOG,Technology,158.64,147.56,15930,88,1889.3,27.9,2.298,158.78,58.08,0
718,GOOG,Technology,159.33,154.04,47993,14,1974.5,26.68,4.923,162.85,67.76,0
719,GOOG,Technology,140.9,123.46,44773,34,1907.4,29.38,2.914,138.82,46.3,0
720,GOOG,Technology,160.05,162.9,24026,58,1883.1,16.92,2.762,157.26,36.68,1
721,MSFT,Technology,409.33,348.54,45166,76,2669.3,46.91,1.66,408.21,48.8,0
722,MSFT,Technology,341.43,361.52,34879,22,2684.9,52.85,3.656,354.32,37.61,1
723,GOOG,Technology,139.03,137.39,3473,70,1880.6,56.94,0.565,132.64,73.73,0
724,AMZN,E-Commerce,191.79,186.05,10435,36,1608.5,34.62,0.723,197.64,35.84,0
725,AAPL,Technology,161.74,159.01,23841,45,2808.0,45.04,3.197,159.62,61.18,0
726,AAPL,Technology,182.38,185.15,10792,36,2800.2,52.78,2.038,188.85,24.59,1
727,AMZN,E-Commerce,189.0,201.74,47395,22,1621.8,30.91,4.79,194.71,63.08,1
728,GOOG,Technology,125.83,141.61,45641,78,1959.5,25.47,4.564,123.93,78.93,1
729,MSFT,Technology,387.42,426.59,34157,80,2747.5,56.84,3.712,394.93,57.6,1
730,AAPL,Technology,189.26,226.83,1547,61,2725.8,35.78,4.182,182.82,54.19,1
731,TSLA,Automotive,249.92,268.42,19683,100,672.3,34.86,3.503,259.82,82.28,1
732,TSLA,Automotive,213.41,220.07,22865,56,846.7,18.92,1.065,211.37,58.92,1
733,AMZN,E-Commerce,153.49,150.95,24006,89,1531.7,15.41,3.945,152.81,33.17,0
734,GOOG,Technology,134.0,132.14,19667,96,1888.8,52.11,1.446,136.76,35.47,0
735,AAPL,Technology,197.38,209.84,14239,33,2741.5,40.71,1.955,203.71,64.37,1
736,GOOG,Technology,128.6,120.89,46625,45,1809.9,26.29,4.187,125.21,66.48,0
737,AAPL,Technology,182.05,189.03,38330,36,2827.1,19.59,2.914,184.99,36.24,1
738,AMZN,E-Commerce,164.99,168.04,19620,20,1638.0,37.77,4.37,163.21,39.17,1
739,AMZN,E-Commerce,170.37,163.85,19802,18,1571.2,39.2,1.459,168.13,84.37,0
740,TSLA,Automotive,276.1,258.4,25666,38,670.4,20.35,3.235,281.35,22.14,0
741,GOOG,Technology,149.61,182.82,7757,67,1872.7,52.57,0.877,147.92,43.33,1
742,TSLA,Automotive,219.65,199.5,37788,23,819.6,14.21,3.394,216.27,19.37,0
743,GOOG,Technology,137.01,139.01,30234,96,1826.1,27.8,3.931,141.61,72.48,1
744,TSLA,Automotive,214.69,239.98,10445,109,809.2,44.02,3.132,206.13,21.46,1
745,MSFT,Technology,377.82,401.37,41285,16,2699.2,23.71,1.698,384.47,62.18,1
746,MSFT,Technology,398.52,391.39,27513,59,2729.0,51.38,0.641,388.51,18.95,0
747,MSFT,Technology,336.51,311.15,5308,69,2706.0,46.99,1.038,320.21,62.1,0
748,MSFT,Technology,355.93,366.74,33555,68,2651.3,49.45,3.3,344.07,74.01,1
749,AAPL,Technology,169.64,137.21,49781,21,2859.8,15.96,4.705,171.45,42.92,0
750,MSFT,Technology,427.83,442.2,28118,104,2692.1,17.03,1.429,436.78,51.55,1
751,AMZN,E-Commerce,206.64,211.35,46091,115,1598.6,24.32,3.808,196.74,43.11,1
752,AMZN,E-Commerce,155.43,171.84,8180,78,1553.3,35.9,4.399,148.22,36.03,1
753,AAPL,Technology,188.7,175.21,22002,103,2777.8,47.4,2.844,196.3,71.23,0
754,MSFT,Technology,365.38,363.23,9586,95,2655.8,51.83,3.512,349.79,34.04,0
755,MSFT,Technology,367.74,387.95,38962,78,2691.4,45.22,4.168,382.24,65.61,1
756,MSFT,Technology,408.99,423.9,21258,70,2785.6,56.43,1.673,397.87,29.43,1
757,TSLA,Automotive,281.38,256.78,40560,12,731.4,46.94,1.836,288.13,32.49,0
758,GOOG,Technology,158.94,153.89,43956,16,1819.3,25.31,0.503,155.92,38.55,0
759,TSLA,Automotive,255.78,289.54,35971,81,873.6,23.25,4.834,264.96,56.24,1
760,GOOG,Technology,134.0,139.46,35308,109,1889.5,44.81,4.629,136.69,46.81,1
761,MSFT,Technology,412.78,366.08,20619,87,2666.5,19.64,3.941,408.73,67.16,0
762,MSFT,Technology,351.61,383.49,31479,14,2752.0,14.64,0.856,336.71,29.95,1
763,TSLA,Automotive,254.81,227.31,28478,61,769.7,36.61,2.514,260.74,15.75,0
764,TSLA,Automotive,239.39,238.3,39992,71,891.3,51.08,0.959,242.19,69.36,0
765,GOOG,Technology,146.58,156.12,14131,46,1933.9,15.07,0.572,139.29,72.52,1
766,AMZN,E-Commerce,165.98,185.42,14636,32,1575.6,49.59,3.273,157.84,19.16,1
767,GOOG,Technology,127.05,105.83,546,15,2007.9,50.58,4.824,130.97,57.76,0
768,TSLA,Automotive,281.37,303.02,36783,44,769.7,34.11,4.563,274.6,41.47,1
769,TSLA,Automotive,220.14,239.72,48655,17,837.1,12.87,3.635,223.14,70.57,1
770,AAPL,Technology,175.31,171.0,17718,41,2815.0,18.73,0.935,174.51,76.21,0
771,TSLA,Automotive,229.06,235.31,6687,54,865.1,45.37,1.734,237.38,74.57,1
772,AAPL,Technology,150.79,116.99,31580,111,2878.1,45.59,1.94,157.08,69.4,0
773,AMZN,E-Commerce,154.95,123.99,33094,44,1601.6,54.92,3.934,162.65,33.83,0
774,GOOG,Technology,126.36,140.09,20627,98,1862.3,39.13,4.11,121.98,71.83,1
775,GOOG,Technology,155.4,151.81,23669,5,1923.0,16.21,2.233,161.04,52.34,0
776,AAPL,Technology,163.58,162.32,11251,109,2766.1,16.07,2.38,159.75,18.69,0
777,GOOG,Technology,158.92,165.08,5658,27,2000.7,46.06,0.7,160.36,46.99,1
778,TSLA,Automotive,256.12,253.74,44839,116,806.8,19.19,1.801,256.27,80.95,0
779,MSFT,Technology,372.77,366.55,33054,87,2681.7,26.42,2.531,354.8,77.15,0
780,AAPL,Technology,179.2,188.44,47548,104,2809.2,34.36,1.026,186.96,22.16,1
781,GOOG,Technology,140.7,126.68,47427,78,1832.6,11.24,2.54,134.77,67.09,0
782,AAPL,Technology,188.59,209.86,43937,79,2751.4,22.44,4.339,192.14,71.41,1
783,AAPL,Technology,163.58,163.84,35403,43,2860.0,30.39,3.116,168.24,34.0,1
784,MSFT,Technology,363.25,341.29,34800,97,2667.2,23.98,0.855,373.98,48.01,0
785,TSLA,Automotive,279.56,259.65,27600,117,747.7,16.82,1.363,269.37,64.77,0
786,AAPL,Technology,198.44,203.09,2132,31,2826.8,46.4,2.635,197.4,45.73,1
787,GOOG,Technology,156.49,155.78,1352,99,1959.3,50.66,2.127,161.65,22.9,0
788,AMZN,E-Commerce,175.65,157.4,5609,17,1635.9,22.87,2.114,172.18,64.41,0
789,AAPL,Technology,189.72,184.38,37942,92,2849.8,48.72,2.882,189.11,78.81,0
790,AAPL,Technology,173.76,165.99,14000,83,2762.2,29.28,3.13,169.81,60.67,0
791,MSFT,Technology,379.72,425.65,14623,110,2628.9,35.33,4.086,378.34,69.17,1
792,TSLA,Automotive,227.85,234.78,1981,54,875.1,52.8,2.034,236.69,40.09,1
793,AMZN,E-Commerce,184.92,211.83,33137,62,1583.9,47.5,4.125,184.09,27.82,1
794,GOOG,Technology,126.82,122.15,1730,87,1887.5,50.26,2.024,127.53,59.99,0
795,AMZN,E-Commerce,170.9,170.34,20889,32,1666.4,16.84,0.749,169.26,37.94,0
796,GOOG,Technology,154.91,162.8,22623,40,1927.8,13.49,2.994,154.29,75.21,1
797,TSLA,Automotive,228.03,243.61,18058,13,822.8,54.67,3.146,216.97,23.58,1
798,GOOG,Technology,121.99,131.47,46251,84,2008.3,29.39,4.705,119.35,45.34,1
799,MSFT,Technology,330.87,313.99,49020,35,2667.8,24.39,3.767,328.77,42.77,0
800,MSFT,Technology,430.25,409.26,43952,5,2746.4,46.23,4.63,436.01,80.66,0
801,MSFT,Technology,380.79,377.58,1795,73,2702.9,51.82,4.588,378.89,25.72,0
802,MSFT,Technology,369.67,420.86,14921,29,2713.4,53.12,3.221,363.67,15.69,1
803,AMZN,E-Commerce,196.79,184.97,3362,70,1676.4,25.8,2.875,194.59,31.67,0
804,TSLA,Automotive,275.19,269.09,1545,25,825.4,52.61,3.008,268.1,72.42,0
805,GOOG,Technology,132.95,143.37,16536,95,1926.9,12.05,4.902,138.59,29.65,1
806,GOOG,Technology,148.13,159.11,10049,22,1953.6,12.48,3.979,148.45,31.86,1
807,MSFT,Technology,410.91,437.39,24063,66,2681.8,41.18,0.978,390.92,24.09,1
808,MSFT,Technology,397.63,408.15,30032,45,2658.0,13.16,4.003,378.52,65.08,1
809,AAPL,Technology,156.71,146.49,7001,69,2747.8,26.23,1.267,164.12,19.84,0
810,TSLA,Automotive,278.19,268.38,33587,91,701.7,43.64,2.513,270.44,38.18,0
811,AMZN,E-Commerce,182.11,202.16,8697,89,1702.8,26.86,1.447,187.68,34.77,1
812,GOOG,Technology,130.86,141.58,6955,72,1844.8,18.98,3.603,125.08,53.86,1
813,AAPL,Technology,171.07,156.22,18778,119,2788.9,24.07,4.448,178.27,66.13,0
814,AAPL,Technology,150.72,164.22,8363,1,2786.2,32.88,1.807,156.36,52.3,1
815,GOOG,Technology,124.37,139.88,47388,84,1915.4,33.77,0.869,125.25,80.17,1
816,AMZN,E-Commerce,194.34,199.06,25905,44,1640.8,49.15,1.843,184.8,81.6,1
817,AAPL,Technology,148.75,156.8,26243,87,2843.0,47.51,3.526,145.15,40.3,1
818,AAPL,Technology,170.62,187.84,11974,96,2770.8,32.84,1.979,169.03,69.44,1
819,TSLA,Automotive,251.69,242.72,27629,75,791.6,52.28,1.752,250.68,66.72,0
820,AMZN,E-Commerce,155.95,188.13,20966,39,1614.1,15.71,1.33,152.79,77.51,1
821,AAPL,Technology,199.84,223.39,14179,111,2787.6,22.77,2.739,190.51,46.36,1
822,AMZN,E-Commerce,165.21,175.44,49950,54,1680.4,51.4,1.742,166.7,52.13,1
823,GOOG,Technology,131.78,134.05,7343,88,1924.5,28.9,3.79,132.1,44.1,1
824,MSFT,Technology,357.65,378.96,29972,75,2736.7,59.06,0.845,349.89,74.53,1
825,AAPL,Technology,160.85,143.99,9118,29,2833.1,33.31,3.488,153.42,31.08,0
826,TSLA,Automotive,212.61,252.28,49600,54,858.7,49.6,1.569,223.13,31.78,1
827,GOOG,Technology,149.63,166.14,12200,90,1909.1,30.12,2.702,149.36,41.08,1
828,AMZN,E-Commerce,205.21,233.35,49559,16,1535.2,31.25,1.787,210.46,31.12,1
829,GOOG,Technology,128.42,131.3,19900,99,1920.0,29.14,3.752,127.81,54.27,1
830,AAPL,Technology,183.56,181.94,27010,20,2767.4,45.95,4.754,175.17,24.41,0
831,AMZN,E-Commerce,193.06,186.51,29537,46,1573.6,37.38,4.627,189.38,37.41,0
832,MSFT,Technology,419.72,455.43,37688,67,2729.3,57.19,3.125,412.17,78.94,1
833,GOOG,Technology,136.75,133.88,11101,65,1961.9,22.54,2.582,141.38,43.65,0
834,AAPL,Technology,164.65,165.48,46775,58,2801.1,15.03,4.182,167.19,67.38,1
835,TSLA,Automotive,236.9,251.99,20042,53,815.4,29.66,3.575,231.58,22.94,1
836,AMZN,E-Commerce,191.48,185.21,20962,111,1685.1,40.84,1.326,200.44,32.33,0
837,GOOG,Technology,153.3,169.17,11769,1,1912.0,53.04,4.194,150.56,71.51,1
838,GOOG,Technology,126.63,128.98,16016,81,2030.1,27.31,2.43,132.94,68.41,1
839,MSFT,Technology,365.29,328.52,10978,66,2728.3,42.69,1.35,383.41,42.03,0
840,MSFT,Technology,425.82,411.51,3085,29,2612.0,27.51,1.768,412.67,81.81,0
841,TSLA,Automotive,273.0,307.03,32469,84,837.7,40.86,1.704,267.89,78.75,1
842,TSLA,Automotive,286.36,270.62,8212,70,819.1,54.24,2.836,285.96,82.36,0
843,AAPL,Technology,188.35,205.59,41335,8,2864.5,21.57,1.555,191.44,44.95,1
844,AAPL,Technology,169.39,174.43,19031,29,2833.7,30.21,1.056,169.87,28.82,1
845,TSLA,Automotive,256.8,258.41,27440,112,793.1,59.66,1.057,268.86,58.87,1
846,TSLA,Automotive,262.08,320.0,436,51,738.8,53.43,3.125,267.95,62.93,1
847,AMZN,E-Commerce,157.24,144.23,43033,33,1589.5,38.23,3.806,152.71,23.78,0
848,MSFT,Technology,385.07,369.97,19463,3,2657.5,35.83,1.947,369.86,70.05,0
849,AAPL,Technology,185.99,189.36,45636,60,2771.0,24.23,0.656,189.49,16.26,1
850,MSFT,Technology,342.07,415.02,4068,35,2729.4,35.86,1.073,330.39,48.79,1
851,MSFT,Technology,411.99,419.53,33778,69,2783.5,52.41,4.616,423.84,38.17,1
852,TSLA,Automotive,256.28,267.03,48500,91,819.7,44.26,2.721,251.44,66.82,1
853,AMZN,E-Commerce,204.42,203.02,16379,108,1540.2,24.5,2.541,200.88,36.89,0
854,GOOG,Technology,120.78,126.66,3229,76,1922.2,20.07,0.671,114.87,72.88,1
855,AMZN,E-Commerce,167.33,167.01,38315,84,1659.8,23.26,3.779,170.69,56.65,0
856,AMZN,E-Commerce,185.48,199.51,38997,109,1569.5,18.49,2.876,178.31,70.57,1
857,MSFT,Technology,356.81,386.05,5950,20,2693.3,14.78,1.409,366.55,84.25,1
858,AMZN,E-Commerce,191.58,191.82,20688,73,1600.7,30.96,0.995,191.42,62.54,1
859,AAPL,Technology,188.6,175.39,40314,39,2760.8,15.66,2.225,193.96,83.95,0
860,MSFT,Technology,334.69,343.89,12049,4,2732.4,18.6,4.267,337.5,17.02,1
861,AAPL,Technology,175.73,198.96,8619,115,2794.0,37.37,4.394,168.39,38.67,1
862,GOOG,Technology,140.37,133.89,26475,118,1921.0,18.23,3.213,144.1,22.55,0
863,MSFT,Technology,365.1,382.16,33182,19,2655.6,13.19,3.774,349.39,33.36,1
864,GOOG,Technology,158.18,146.09,11837,102,1878.1,25.87,1.018,157.84,73.72,0
865,MSFT,Technology,417.34,390.97,1234,91,2736.1,21.02,3.147,403.67,17.26,0
866,TSLA,Automotive,264.79,297.63,11038,45,781.4,35.77,3.501,271.47,51.41,1
867,AMZN,E-Commerce,191.57,206.0,24586,43,1686.3,15.12,1.403,199.45,54.7,1
868,TSLA,Automotive,247.13,258.97,48456,13,780.0,47.59,4.461,248.47,54.28,1
869,GOOG,Technology,157.68,131.55,26196,13,1911.2,55.31,1.377,158.11,48.27,0
870,AMZN,E-Commerce,190.51,185.89,41215,60,1646.6,47.17,1.911,195.54,70.34,0
871,MSFT,Technology,406.1,433.94,5692,57,2629.1,36.64,3.293,386.0,24.35,1
872,AMZN,E-Commerce,199.53,180.39,18208,86,1512.0,53.03,3.373,207.87,36.74,0
873,AAPL,Technology,163.14,161.78,17370,92,2723.7,44.75,3.647,158.2,58.1,0
874,AMZN,E-Commerce,196.58,212.57,27749,52,1663.1,10.53,1.004,206.1,63.37,1
875,AAPL,Technology,159.0,142.96,11097,111,2772.4,29.7,4.323,162.76,43.29,0
876,AMZN,E-Commerce,171.65,152.02,33589,53,1727.9,52.55,2.898,176.36,76.28,0
877,AAPL,Technology,166.37,149.82,9204,109,2771.8,27.29,2.621,168.97,44.08,0
878,GOOG,Technology,160.1,167.59,970,86,1909.2,11.76,4.915,159.65,43.19,1
879,TSLA,Automotive,276.74,269.94,28784,43,877.1,47.31,3.832,278.72,17.53,0
880,MSFT,Technology,402.93,439.29,39619,83,2800.3,50.1,1.031,384.65,53.58,1
881,AMZN,E-Commerce,192.26,197.97,49749,72,1703.1,18.03,3.904,194.64,64.61,1
882,TSLA,Automotive,254.66,298.06,34624,116,860.4,36.87,0.929,257.87,23.01,1
883,MSFT,Technology,430.97,396.92,31057,72,2751.2,19.6,0.624,447.83,36.38,0
884,MSFT,Technology,379.57,397.24,33985,42,2729.6,45.96,2.316,379.78,69.69,1
885,AAPL,Technology,168.73,161.37,44469,90,2838.9,23.58,4.971,161.6,40.61,0
886,GOOG,Technology,125.85,134.41,35696,112,1872.4,25.81,1.287,123.41,31.91,1
887,GOOG,Technology,152.02,156.52,29966,115,1859.1,52.25,3.527,154.39,62.05,1
888,TSLA,Automotive,267.58,251.67,30776,26,799.8,33.82,1.28,260.6,28.77,0
889,GOOG,Technology,135.14,136.14,47864,23,1891.5,43.49,3.762,132.17,77.7,1
890,AMZN,E-Commerce,154.36,158.35,13978,43,1577.3,30.12,2.774,159.31,22.39,1
891,GOOG,Technology,154.24,149.93,39860,77,1934.8,24.9,3.56,155.54,64.46,0
892,TSLA,Automotive,213.36,230.04,27659,28,847.8,41.27,1.413,213.54,49.97,1
893,GOOG,Technology,148.56,139.28,46646,9,1904.4,17.74,3.855,145.86,75.9,0
894,AMZN,E-Commerce,205.39,243.86,6871,20,1673.9,28.65,4.98,210.13,23.83,1
895,AAPL,Technology,171.73,188.27,16626,56,2742.9,20.45,3.495,168.08,62.45,1
896,TSLA,Automotive,230.12,241.14,29996,83,790.3,44.79,2.721,235.58,55.04,1
897,AAPL,Technology,185.76,231.76,32023,112,2764.2,57.21,4.654,177.77,48.61,1
898,AAPL,Technology,191.65,190.74,36303,39,2706.7,59.78,0.571,198.64,49.4,0
899,AAPL,Technology,177.44,189.67,39490,51,2795.9,32.51,3.785,177.43,65.54,1
900,MSFT,Technology,433.24,449.62,12952,12,2693.9,22.63,4.499,430.58,80.64,1
901,MSFT,Technology,328.89,356.45,47674,79,2775.7,32.14,0.778,332.54,21.39,1
902,AAPL,Technology,175.25,199.73,43491,95,2831.5,52.36,2.525,177.43,16.37,1
903,TSLA,Automotive,266.38,283.41,1948,55,748.8,20.3,1.421,256.58,71.4,1
904,AMZN,E-Commerce,199.58,220.21,31127,78,1692.7,57.6,3.049,204.69,22.57,1
905,AMZN,E-Commerce,162.68,158.77,35564,11,1661.1,27.09,3.423,159.03,84.07,0
906,GOOG,Technology,152.6,153.14,34585,26,1929.1,59.29,1.862,158.78,58.35,1
907,TSLA,Automotive,253.95,292.31,19556,42,788.7,51.93,2.57,262.02,60.56,1
908,MSFT,Technology,368.21,393.16,9359,27,2652.0,50.43,1.757,362.55,28.92,1
909,AAPL,Technology,155.67,161.88,35654,11,2781.4,25.9,2.162,160.46,31.82,1
910,GOOG,Technology,155.34,149.09,47022,38,1954.4,10.44,1.218,153.11,61.15,0
911,AMZN,E-Commerce,161.49,177.21,13509,98,1694.2,29.11,4.485,155.05,78.68,1
912,MSFT,Technology,358.32,343.09,3891,43,2777.2,25.09,0.545,374.87,83.77,0
913,MSFT,Technology,356.07,332.54,25964,19,2675.6,11.87,4.471,361.5,28.86,0
914,AAPL,Technology,194.5,200.18,36739,64,2744.0,35.27,3.073,193.65,24.39,1
915,AMZN,E-Commerce,189.33,156.73,34674,6,1607.0,30.15,1.992,187.39,18.95,0
916,TSLA,Automotive,272.25,291.0,17988,46,711.6,41.73,3.754,267.48,75.78,1
917,MSFT,Technology,351.55,369.18,19792,116,2716.2,41.06,2.785,368.48,35.63,1
918,AAPL,Technology,181.56,180.07,23601,102,2792.6,16.04,2.746,174.93,15.13,0
919,TSLA,Automotive,255.38,255.13,13404,113,776.7,58.85,0.996,250.65,30.67,0
920,AMZN,E-Commerce,197.97,200.04,27627,42,1520.3,19.35,2.253,197.68,38.83,1
921,MSFT,Technology,426.29,407.9,18174,92,2725.7,32.26,1.585,425.35,84.37,0
922,TSLA,Automotive,213.41,220.83,15649,65,773.4,34.41,0.571,212.8,51.65,1
923,TSLA,Automotive,263.05,263.06,30063,99,741.5,50.65,2.12,254.52,29.33,1
924,TSLA,Automotive,216.39,222.66,26020,104,656.4,14.96,0.904,208.71,38.44,1
925,MSFT,Technology,385.57,388.48,30926,72,2698.6,31.43,1.656,376.11,38.12,1
926,MSFT,Technology,355.79,352.87,36171,59,2788.6,41.43,0.916,370.54,16.38,0
927,GOOG,Technology,131.88,137.46,16161,52,1983.1,20.76,0.954,126.78,24.46,1
928,AMZN,E-Commerce,172.06,186.25,28910,118,1577.1,41.37,1.396,176.49,63.66,1
929,AAPL,Technology,181.37,177.38,48066,47,2769.9,56.18,4.999,186.04,23.42,0
930,TSLA,Automotive,237.55,249.82,22900,7,823.4,59.88,0.51,244.91,31.15,1
931,GOOG,Technology,149.77,158.99,43523,11,1850.1,11.62,3.374,155.56,39.55,1
932,AAPL,Technology,169.99,155.93,41792,103,2815.1,21.78,1.136,165.96,68.04,0
933,GOOG,Technology,121.87,133.83,10040,61,1938.3,25.52,4.643,118.51,55.77,1
934,MSFT,Technology,412.35,488.44,4024,68,2761.3,29.96,0.921,410.93,63.23,1
935,TSLA,Automotive,233.93,236.96,28154,25,795.0,22.11,4.798,228.43,54.69,1
936,AAPL,Technology,171.47,172.55,9883,12,2789.8,20.17,3.249,175.49,62.85,1
937,AAPL,Technology,184.74,185.29,37353,26,2756.1,57.73,0.506,187.25,15.2,1
938,AAPL,Technology,166.2,177.78,45497,102,2758.7,55.93,4.523,172.43,80.16,1
939,AAPL,Technology,151.72,160.95,13333,110,2788.7,12.35,2.848,145.39,22.76,1
940,AAPL,Technology,168.38,150.32,45769,12,2818.4,26.94,1.682,175.37,43.44,0
941,GOOG,Technology,158.67,150.85,24584,43,1945.7,30.26,3.953,155.39,68.97,0
942,TSLA,Automotive,260.63,276.42,25168,51,759.8,21.95,4.67,260.39,45.47,1
943,MSFT,Technology,399.55,402.91,291,117,2774.6,41.44,2.677,397.1,81.28,1
944,MSFT,Technology,395.08,366.12,25174,37,2686.4,42.02,1.92,405.36,47.73,0
945,MSFT,Technology,345.69,394.09,5017,46,2698.9,52.53,4.05,342.94,76.25,1
946,MSFT,Technology,370.69,354.39,38699,53,2662.6,47.04,3.568,387.13,71.76,0
947,GOOG,Technology,150.54,153.98,25932,88,1778.8,37.13,4.499,156.6,83.67,1
948,AMZN,E-Commerce,158.47,159.46,43028,80,1644.2,42.68,3.616,164.37,79.86,1
949,TSLA,Automotive,233.34,217.87,20806,13,836.8,23.7,1.596,223.34,77.87,0
950,AAPL,Technology,163.26,168.94,13782,89,2785.9,39.65,4.692,169.04,66.21,1
951,AMZN,E-Commerce,176.33,185.39,26862,118,1603.3,34.46,0.972,181.3,40.69,1
952,MSFT,Technology,434.76,427.19,23483,54,2725.8,16.67,1.706,417.52,22.43,0
953,AMZN,E-Commerce,156.65,155.57,27896,57,1521.9,22.13,2.841,150.5,63.21,0
954,TSLA,Automotive,251.4,268.5,23766,116,773.5,24.58,3.046,241.37,83.51,1
955,AAPL,Technology,158.17,136.34,25762,118,2839.7,56.22,0.569,150.44,65.86,0
956,AAPL,Technology,199.71,190.2,45259,4,2737.3,21.52,4.013,200.68,80.01,0
957,TSLA,Automotive,221.0,229.19,34742,75,814.7,24.46,2.127,231.46,71.3,1
958,TSLA,Automotive,242.77,237.4,41930,96,732.2,28.47,2.329,241.28,26.42,0
959,MSFT,Technology,407.12,397.64,37631,49,2723.3,43.19,4.142,408.78,32.44,0
960,AAPL,Technology,185.74,202.85,10334,7,2798.2,15.91,2.207,194.43,38.93,1
961,AMZN,E-Commerce,175.83,170.44,9321,110,1519.2,57.7,0.713,171.53,26.78,0
962,GOOG,Technology,133.55,157.37,11510,11,1958.2,53.28,1.294,138.34,55.72,1
963,GOOG,Technology,135.7,119.37,14619,92,1863.3,38.86,4.802,136.33,83.28,0
964,TSLA,Automotive,232.32,195.86,1151,54,759.5,43.7,0.817,233.93,68.3,0
965,MSFT,Technology,346.41,377.7,45093,105,2710.0,10.83,2.097,340.98,44.64,1
966,GOOG,Technology,139.29,131.11,9865,87,1957.4,26.95,2.764,140.15,15.32,0
967,AAPL,Technology,162.85,153.51,11482,45,2749.2,49.78,2.72,155.9,36.93,0
968,TSLA,Automotive,234.06,257.18,12680,23,803.1,13.87,0.518,240.25,51.87,1
969,AMZN,E-Commerce,188.46,184.73,32423,114,1621.4,24.12,2.755,184.4,37.7,0
970,TSLA,Automotive,285.14,311.61,44857,28,834.7,39.26,2.227,296.19,22.77,1
971,AMZN,E-Commerce,185.6,180.25,12039,107,1608.8,22.82,4.874,183.15,45.99,0
972,TSLA,Automotive,218.27,228.97,30064,111,781.6,56.7,1.216,210.47,32.73,1
973,TSLA,Automotive,218.17,213.61,407,57,758.6,16.55,2.094,222.44,78.65,0
974,TSLA,Automotive,283.86,268.65,3459,26,804.3,49.87,2.388,274.34,22.12,0
975,AMZN,E-Commerce,169.05,195.84,29748,25,1546.4,35.4,2.258,173.34,18.44,1
976,AMZN,E-Commerce,157.97,175.24,36044,54,1453.9,47.52,3.496,165.36,15.37,1
977,TSLA,Automotive,257.43,247.61,34119,29,821.8,25.54,1.47,264.63,37.96,0
978,GOOG,Technology,145.19,146.02,38234,83,1945.2,35.72,1.495,138.26,61.23,1
979,MSFT,Technology,396.93,451.75,27423,97,2581.9,52.84,3.781,400.89,66.13,1
980,MSFT,Technology,353.48,332.6,6326,36,2649.5,33.34,2.751,360.39,46.73,0
981,MSFT,Technology,324.72,306.95,21789,14,2731.0,27.99,2.368,335.29,62.9,0
982,AMZN,E-Commerce,205.11,216.93,31071,78,1702.9,36.81,1.261,196.0,40.19,1
983,AMZN,E-Commerce,166.55,200.13,26054,35,1601.0,45.87,1.344,166.22,61.75,1
984,GOOG,Technology,147.39,150.97,24523,30,1863.6,32.18,0.547,147.91,17.84,1
985,MSFT,Technology,403.56,445.52,30491,92,2690.9,56.94,0.911,390.21,42.35,1
986,MSFT,Technology,392.54,368.44,14430,17,2768.7,24.75,3.006,385.57,70.36,0
987,TSLA,Automotive,235.97,247.51,4991,67,767.7,33.77,4.513,234.56,71.21,1
988,AMZN,E-Commerce,167.64,166.17,5092,80,1560.0,47.85,1.792,173.23,65.13,0
989,MSFT,Technology,391.13,457.36,2061,110,2675.9,44.46,1.975,407.93,29.3,1
990,GOOG,Technology,155.38,178.36,12597,30,1852.3,53.18,1.02,157.38,32.3,1
991,GOOG,Technology,158.76,190.89,32651,116,1906.1,59.84,2.249,157.09,84.73,1
992,MSFT,Technology,335.07,323.13,10948,93,2781.2,31.34,0.667,326.83,22.24,0
993,AMZN,E-Commerce,161.36,165.05,13355,45,1616.2,15.56,4.629,169.14,27.65,1
994,GOOG,Technology,158.68,166.62,4667,79,1887.4,11.52,3.529,166.34,24.1,1
995,TSLA,Automotive,267.74,259.03,48947,110,785.4,46.34,4.958,279.12,37.94,0
996,GOOG,Technology,156.09,160.85,39381,89,1821.8,53.7,4.473,160.55,29.71,1
997,AAPL,Technology,159.39,174.17,48103,51,2844.2,21.04,2.628,156.61,49.84,1
998,AAPL,Technology,179.6,175.28,20489,102,2796.1,17.92,2.839,185.29,48.32,0
999,AMZN,E-Commerce,190.86,183.94,44623,106,1591.0,13.11,1.358,189.12,78.11,0
1000,MSFT,Technology,400.53,383.88,44019,47,2859.7,51.14,2.579,393.59,17.43,0
